scons: Reading SConscript files ...
Mkdir("/home/tewar/CA_Assignment1/gem5/build/RISCV/gem5.build")
Checking for linker -Wl,--as-needed support... yes
Checking for compiler -gz support... yes
Checking for linker -gz support... yes
Info: Using Python config: python3-config
Checking for C header file Python.h... yes
Checking Python version... 3.12.3
Checking for accept(0,0,0) in C++ library None... yes
Checking for zlibVersion() in C++ library z... yes
Checking for C library tcmalloc_minimal... yes
Building in /home/tewar/CA_Assignment1/gem5/build/RISCV
"build_tools/kconfig_base.py" "/home/tewar/CA_Assignment1/gem5/build/RISCV/gem5.build/Kconfig" "/home/tewar/CA_Assignment1/gem5/src/Kconfig"
Checking for pkg-config package protobuf... yes
Checking for C header file fenv.h... yes
Checking for C header file png.h... yes
Checking for clock_nanosleep(0,0,NULL,NULL) in C library None... yes
Checking for C header file valgrind/valgrind.h... no
Checking for pkg-config package hdf5-serial... yes
Checking for H5Fcreate("", 0, 0, 0) in C library hdf5... yes
Checking for H5::H5File("", 0) in C++ library hdf5_cpp... yes
Checking for C header file capstone/capstone.h... yes
Checking for C header file linux/kvm.h... yes
Checking for timer_create(CLOCK_MONOTONIC, NULL, NULL) in C library None... yes
Checking for member exclude_host in struct perf_event_attr...yes
Checking for backtrace_symbols_fd((void *)1, 0, 0) in C library None... yes
Checking size of struct kvm_xsave ... yes
Checking for shm_open("/test", 0, 0) in C library None... yes
Checking for C header file linux/if_tun.h... yes
Checking whether __i386__ is declared... no
Checking whether __x86_64__ is declared... yes
Checking for compiler -Wno-self-assign-overloaded support... yes
Checking for linker -Wno-free-nonheap-object support... yes
BUILD_TLM not set, not building CHI-TLM integration

scons: done reading SConscript files.
scons: Building targets ...
 [  PROTOC] src/proto/inst_dep_record.proto -> RISCV/proto/inst_dep_record.pb.cc, RISCV/proto/inst_dep_record.pb.h
 [  PROTOC] src/proto/packet.proto -> RISCV/proto/packet.pb.cc, RISCV/proto/packet.pb.h
 [     CXX] RISCV/proto/packet.pb.cc -> .o
 [     CXX] RISCV/proto/inst_dep_record.pb.cc -> .o
 [  PROTOC] src/proto/inst.proto -> RISCV/proto/inst.pb.cc, RISCV/proto/inst.pb.h
 [     CXX] RISCV/proto/inst.pb.cc -> .o
 [     CXX] src/proto/protobuf.cc -> RISCV/proto/protobuf.o
 [CONFIG H] HAVE_DEPRECATED_NAMESPACE, 1 -> RISCV/config/have_deprecated_namespace.hh
 [     CXX] src/proto/protoio.cc -> RISCV/proto/protoio.o
 [     CXX] src/python/gem5py.cc -> RISCV/python/gem5py.pyo
 [     CXX] src/python/gem5py_m5.cc -> RISCV/python/gem5py_m5.pyo
 [    LINK]  -> RISCV/gem5py
 [EMBED PY] src/base/Graphics.py -> RISCV/base/Graphics.py.cc
 [     CXX] RISCV/base/Graphics.py.cc -> .o
 [     CXX] RISCV/base/Graphics.py.cc -> .pyo
 [EMBED PY] src/base/filters/BloomFilters.py -> RISCV/base/filters/BloomFilters.py.cc
 [     CXX] RISCV/base/filters/BloomFilters.py.cc -> .pyo
 [EMBED PY] src/base/vnc/Vnc.py -> RISCV/base/vnc/Vnc.py.cc
 [     CXX] RISCV/base/vnc/Vnc.py.cc -> .pyo
 [EMBED PY] src/cpu/FuncUnit.py -> RISCV/cpu/FuncUnit.py.cc
 [     CXX] RISCV/cpu/FuncUnit.py.cc -> .pyo
 [EMBED PY] src/cpu/StaticInstFlags.py -> RISCV/cpu/StaticInstFlags.py.cc
 [     CXX] RISCV/cpu/StaticInstFlags.py.cc -> .pyo
 [EMBED PY] src/cpu/InstPBTrace.py -> RISCV/cpu/InstPBTrace.py.cc
 [     CXX] RISCV/cpu/InstPBTrace.py.cc -> .pyo
 [EMBED PY] src/cpu/BaseCPU.py -> RISCV/cpu/BaseCPU.py.cc
 [     CXX] RISCV/cpu/BaseCPU.py.cc -> .pyo
 [EMBED PY] src/cpu/CpuCluster.py -> RISCV/cpu/CpuCluster.py.cc
 [     CXX] RISCV/cpu/CpuCluster.py.cc -> .pyo
 [EMBED PY] src/cpu/CPUTracers.py -> RISCV/cpu/CPUTracers.py.cc
 [     CXX] RISCV/cpu/CPUTracers.py.cc -> .pyo
 [EMBED PY] src/cpu/TimingExpr.py -> RISCV/cpu/TimingExpr.py.cc
 [     CXX] RISCV/cpu/TimingExpr.py.cc -> .pyo
 [EMBED PY] src/cpu/DummyChecker.py -> RISCV/cpu/DummyChecker.py.cc
 [     CXX] RISCV/cpu/DummyChecker.py.cc -> .pyo
 [EMBED PY] src/cpu/o3/FUPool.py -> RISCV/cpu/o3/FUPool.py.cc
 [     CXX] RISCV/cpu/o3/FUPool.py.cc -> .pyo
 [EMBED PY] src/cpu/o3/FuncUnitConfig.py -> RISCV/cpu/o3/FuncUnitConfig.py.cc
 [     CXX] RISCV/cpu/o3/FuncUnitConfig.py.cc -> .pyo
 [EMBED PY] src/cpu/o3/BaseO3CPU.py -> RISCV/cpu/o3/BaseO3CPU.py.cc
 [     CXX] RISCV/cpu/o3/BaseO3CPU.py.cc -> .pyo
 [EMBED PY] src/cpu/o3/IQUnit.py -> RISCV/cpu/o3/IQUnit.py.cc
 [     CXX] RISCV/cpu/o3/IQUnit.py.cc -> .pyo
 [EMBED PY] src/cpu/o3/SMT.py -> RISCV/cpu/o3/SMT.py.cc
 [     CXX] RISCV/cpu/o3/SMT.py.cc -> .pyo
 [EMBED PY] src/cpu/o3/BaseO3Checker.py -> RISCV/cpu/o3/BaseO3Checker.py.cc
 [     CXX] RISCV/cpu/o3/BaseO3Checker.py.cc -> .pyo
 [EMBED PY] src/cpu/o3/O3CPU.py -> RISCV/cpu/o3/O3CPU.py.cc
 [     CXX] RISCV/cpu/o3/O3CPU.py.cc -> .pyo
 [EMBED PY] src/cpu/o3/O3Checker.py -> RISCV/cpu/o3/O3Checker.py.cc
 [     CXX] RISCV/cpu/o3/O3Checker.py.cc -> .pyo
 [EMBED PY] src/cpu/o3/probe/SimpleTrace.py -> RISCV/cpu/o3/probe/SimpleTrace.py.cc
 [     CXX] RISCV/cpu/o3/probe/SimpleTrace.py.cc -> .pyo
 [EMBED PY] src/cpu/o3/probe/ElasticTrace.py -> RISCV/cpu/o3/probe/ElasticTrace.py.cc
 [     CXX] RISCV/cpu/o3/probe/ElasticTrace.py.cc -> .pyo
 [EMBED PY] src/cpu/testers/rubytest/RubyTester.py -> RISCV/cpu/testers/rubytest/RubyTester.py.cc
 [     CXX] RISCV/cpu/testers/rubytest/RubyTester.py.cc -> .pyo
 [EMBED PY] src/cpu/testers/spatter_gen/SpatterGen.py -> RISCV/cpu/testers/spatter_gen/SpatterGen.py.cc
 [     CXX] RISCV/cpu/testers/spatter_gen/SpatterGen.py.cc -> .pyo
 [EMBED PY] src/cpu/testers/traffic_gen/BaseTrafficGen.py -> RISCV/cpu/testers/traffic_gen/BaseTrafficGen.py.cc
 [     CXX] RISCV/cpu/testers/traffic_gen/BaseTrafficGen.py.cc -> .pyo
 [EMBED PY] src/cpu/testers/traffic_gen/GUPSGen.py -> RISCV/cpu/testers/traffic_gen/GUPSGen.py.cc
 [     CXX] RISCV/cpu/testers/traffic_gen/GUPSGen.py.cc -> .pyo
 [EMBED PY] src/cpu/testers/traffic_gen/PyTrafficGen.py -> RISCV/cpu/testers/traffic_gen/PyTrafficGen.py.cc
 [     CXX] RISCV/cpu/testers/traffic_gen/PyTrafficGen.py.cc -> .pyo
 [EMBED PY] src/cpu/testers/traffic_gen/TrafficGen.py -> RISCV/cpu/testers/traffic_gen/TrafficGen.py.cc
 [     CXX] RISCV/cpu/testers/traffic_gen/TrafficGen.py.cc -> .pyo
 [EMBED PY] src/cpu/testers/garnet_synthetic_traffic/GarnetSyntheticTraffic.py -> RISCV/cpu/testers/garnet_synthetic_traffic/GarnetSyntheticTraffic.py.cc
 [     CXX] RISCV/cpu/testers/garnet_synthetic_traffic/GarnetSyntheticTraffic.py.cc -> .pyo
 [EMBED PY] src/cpu/testers/directedtest/RubyDirectedTester.py -> RISCV/cpu/testers/directedtest/RubyDirectedTester.py.cc
 [     CXX] RISCV/cpu/testers/directedtest/RubyDirectedTester.py.cc -> .pyo
 [EMBED PY] src/cpu/testers/memtest/MemTest.py -> RISCV/cpu/testers/memtest/MemTest.py.cc
 [     CXX] RISCV/cpu/testers/memtest/MemTest.py.cc -> .pyo
 [EMBED PY] src/cpu/minor/BaseMinorCPU.py -> RISCV/cpu/minor/BaseMinorCPU.py.cc
 [     CXX] RISCV/cpu/minor/BaseMinorCPU.py.cc -> .pyo
 [EMBED PY] src/cpu/minor/MinorCPU.py -> RISCV/cpu/minor/MinorCPU.py.cc
 [     CXX] RISCV/cpu/minor/MinorCPU.py.cc -> .pyo
 [EMBED PY] src/cpu/probes/PcCountTracker.py -> RISCV/cpu/probes/PcCountTracker.py.cc
 [     CXX] RISCV/cpu/probes/PcCountTracker.py.cc -> .pyo
 [EMBED PY] src/cpu/probes/InstTracker.py -> RISCV/cpu/probes/InstTracker.py.cc
 [     CXX] RISCV/cpu/probes/InstTracker.py.cc -> .pyo
 [EMBED PY] src/cpu/pred/BranchPredictor.py -> RISCV/cpu/pred/BranchPredictor.py.cc
 [     CXX] RISCV/cpu/pred/BranchPredictor.py.cc -> .pyo
 [EMBED PY] src/cpu/simple/BaseAtomicSimpleCPU.py -> RISCV/cpu/simple/BaseAtomicSimpleCPU.py.cc
 [     CXX] RISCV/cpu/simple/BaseAtomicSimpleCPU.py.cc -> .pyo
 [EMBED PY] src/cpu/simple/BaseNonCachingSimpleCPU.py -> RISCV/cpu/simple/BaseNonCachingSimpleCPU.py.cc
 [     CXX] RISCV/cpu/simple/BaseNonCachingSimpleCPU.py.cc -> .pyo
 [EMBED PY] src/cpu/simple/BaseTimingSimpleCPU.py -> RISCV/cpu/simple/BaseTimingSimpleCPU.py.cc
 [     CXX] RISCV/cpu/simple/BaseTimingSimpleCPU.py.cc -> .pyo
 [EMBED PY] src/cpu/simple/BaseSimpleCPU.py -> RISCV/cpu/simple/BaseSimpleCPU.py.cc
 [     CXX] RISCV/cpu/simple/BaseSimpleCPU.py.cc -> .pyo
 [EMBED PY] src/cpu/simple/AtomicSimpleCPU.py -> RISCV/cpu/simple/AtomicSimpleCPU.py.cc
 [     CXX] RISCV/cpu/simple/AtomicSimpleCPU.py.cc -> .pyo
 [EMBED PY] src/cpu/simple/NonCachingSimpleCPU.py -> RISCV/cpu/simple/NonCachingSimpleCPU.py.cc
 [     CXX] RISCV/cpu/simple/NonCachingSimpleCPU.py.cc -> .pyo
 [EMBED PY] src/cpu/simple/TimingSimpleCPU.py -> RISCV/cpu/simple/TimingSimpleCPU.py.cc
 [     CXX] RISCV/cpu/simple/TimingSimpleCPU.py.cc -> .pyo
 [EMBED PY] src/cpu/simple/probes/SimPoint.py -> RISCV/cpu/simple/probes/SimPoint.py.cc
 [     CXX] RISCV/cpu/simple/probes/SimPoint.py.cc -> .pyo
 [EMBED PY] src/cpu/simple/probes/LooppointAnalysis.py -> RISCV/cpu/simple/probes/LooppointAnalysis.py.cc
 [     CXX] RISCV/cpu/simple/probes/LooppointAnalysis.py.cc -> .pyo
 [EMBED PY] src/cpu/checker/CheckerCPU.py -> RISCV/cpu/checker/CheckerCPU.py.cc
 [     CXX] RISCV/cpu/checker/CheckerCPU.py.cc -> .pyo
 [EMBED PY] src/cpu/kvm/KvmVM.py -> RISCV/cpu/kvm/KvmVM.py.cc
 [     CXX] RISCV/cpu/kvm/KvmVM.py.cc -> .pyo
 [EMBED PY] src/cpu/kvm/BaseKvmCPU.py -> RISCV/cpu/kvm/BaseKvmCPU.py.cc
 [     CXX] RISCV/cpu/kvm/BaseKvmCPU.py.cc -> .pyo
 [EMBED PY] src/cpu/trace/TraceCPU.py -> RISCV/cpu/trace/TraceCPU.py.cc
 [     CXX] RISCV/cpu/trace/TraceCPU.py.cc -> .pyo
 [EMBED PY] src/sim/ClockedObject.py -> RISCV/sim/ClockedObject.py.cc
 [     CXX] RISCV/sim/ClockedObject.py.cc -> .pyo
 [EMBED PY] src/sim/TickedObject.py -> RISCV/sim/TickedObject.py.cc
 [     CXX] RISCV/sim/TickedObject.py.cc -> .pyo
 [EMBED PY] src/sim/Workload.py -> RISCV/sim/Workload.py.cc
 [     CXX] RISCV/sim/Workload.py.cc -> .pyo
 [EMBED PY] src/sim/Root.py -> RISCV/sim/Root.py.cc
 [     CXX] RISCV/sim/Root.py.cc -> .pyo
 [EMBED PY] src/sim/ClockDomain.py -> RISCV/sim/ClockDomain.py.cc
 [     CXX] RISCV/sim/ClockDomain.py.cc -> .pyo
 [EMBED PY] src/sim/VoltageDomain.py -> RISCV/sim/VoltageDomain.py.cc
 [     CXX] RISCV/sim/VoltageDomain.py.cc -> .pyo
 [EMBED PY] src/sim/System.py -> RISCV/sim/System.py.cc
 [     CXX] RISCV/sim/System.py.cc -> .pyo
 [EMBED PY] src/sim/DVFSHandler.py -> RISCV/sim/DVFSHandler.py.cc
 [     CXX] RISCV/sim/DVFSHandler.py.cc -> .pyo
 [EMBED PY] src/sim/SubSystem.py -> RISCV/sim/SubSystem.py.cc
 [     CXX] RISCV/sim/SubSystem.py.cc -> .pyo
 [EMBED PY] src/sim/RedirectPath.py -> RISCV/sim/RedirectPath.py.cc
 [     CXX] RISCV/sim/RedirectPath.py.cc -> .pyo
 [EMBED PY] src/sim/PowerState.py -> RISCV/sim/PowerState.py.cc
 [     CXX] RISCV/sim/PowerState.py.cc -> .pyo
 [EMBED PY] src/sim/PowerDomain.py -> RISCV/sim/PowerDomain.py.cc
 [     CXX] RISCV/sim/PowerDomain.py.cc -> .pyo
 [EMBED PY] src/sim/SignalPort.py -> RISCV/sim/SignalPort.py.cc
 [     CXX] RISCV/sim/SignalPort.py.cc -> .pyo
 [EMBED PY] src/sim/InstTracer.py -> RISCV/sim/InstTracer.py.cc
 [     CXX] RISCV/sim/InstTracer.py.cc -> .pyo
 [EMBED PY] src/sim/Process.py -> RISCV/sim/Process.py.cc
 [     CXX] RISCV/sim/Process.py.cc -> .pyo
 [EMBED PY] src/sim/probe/Probe.py -> RISCV/sim/probe/Probe.py.cc
 [     CXX] RISCV/sim/probe/Probe.py.cc -> .pyo
 [EMBED PY] src/sim/power/MathExprPowerModel.py -> RISCV/sim/power/MathExprPowerModel.py.cc
 [     CXX] RISCV/sim/power/MathExprPowerModel.py.cc -> .pyo
 [EMBED PY] src/sim/power/PowerModel.py -> RISCV/sim/power/PowerModel.py.cc
 [     CXX] RISCV/sim/power/PowerModel.py.cc -> .pyo
 [EMBED PY] src/sim/power/PowerModelState.py -> RISCV/sim/power/PowerModelState.py.cc
 [     CXX] RISCV/sim/power/PowerModelState.py.cc -> .pyo
 [EMBED PY] src/sim/power/ThermalDomain.py -> RISCV/sim/power/ThermalDomain.py.cc
 [     CXX] RISCV/sim/power/ThermalDomain.py.cc -> .pyo
 [EMBED PY] src/sim/power/ThermalModel.py -> RISCV/sim/power/ThermalModel.py.cc
 [     CXX] RISCV/sim/power/ThermalModel.py.cc -> .pyo
 [EMBED PY] src/learning_gem5/part2/SimpleObject.py -> RISCV/learning_gem5/part2/SimpleObject.py.cc
 [     CXX] RISCV/learning_gem5/part2/SimpleObject.py.cc -> .pyo
 [EMBED PY] src/learning_gem5/part2/HelloObject.py -> RISCV/learning_gem5/part2/HelloObject.py.cc
 [     CXX] RISCV/learning_gem5/part2/HelloObject.py.cc -> .pyo
 [EMBED PY] src/learning_gem5/part2/SimpleMemobj.py -> RISCV/learning_gem5/part2/SimpleMemobj.py.cc
 [     CXX] RISCV/learning_gem5/part2/SimpleMemobj.py.cc -> .pyo
 [EMBED PY] src/learning_gem5/part2/SimpleCache.py -> RISCV/learning_gem5/part2/SimpleCache.py.cc
 [     CXX] RISCV/learning_gem5/part2/SimpleCache.py.cc -> .pyo
 [EMBED PY] src/python/gem5/__init__.py -> RISCV/python/gem5/__init__.py.cc
 [     CXX] RISCV/python/gem5/__init__.py.cc -> .pyo
 [EMBED PY] src/python/gem5/coherence_protocol.py -> RISCV/python/gem5/coherence_protocol.py.cc
 [     CXX] RISCV/python/gem5/coherence_protocol.py.cc -> .pyo
 [EMBED PY] src/python/gem5/isas.py -> RISCV/python/gem5/isas.py.cc
 [     CXX] RISCV/python/gem5/isas.py.cc -> .pyo
 [EMBED PY] src/python/gem5/runtime.py -> RISCV/python/gem5/runtime.py.cc
 [     CXX] RISCV/python/gem5/runtime.py.cc -> .pyo
 [EMBED PY] src/python/gem5/simulate/__init__.py -> RISCV/python/gem5/simulate/__init__.py.cc
 [     CXX] RISCV/python/gem5/simulate/__init__.py.cc -> .pyo
 [EMBED PY] src/python/gem5/simulate/simulator.py -> RISCV/python/gem5/simulate/simulator.py.cc
 [     CXX] RISCV/python/gem5/simulate/simulator.py.cc -> .pyo
 [EMBED PY] src/python/gem5/simulate/exit_event.py -> RISCV/python/gem5/simulate/exit_event.py.cc
 [     CXX] RISCV/python/gem5/simulate/exit_event.py.cc -> .pyo
 [EMBED PY] src/python/gem5/simulate/exit_event_generators.py -> RISCV/python/gem5/simulate/exit_event_generators.py.cc
 [     CXX] RISCV/python/gem5/simulate/exit_event_generators.py.cc -> .pyo
 [EMBED PY] src/python/gem5/simulate/exit_handler.py -> RISCV/python/gem5/simulate/exit_handler.py.cc
 [     CXX] RISCV/python/gem5/simulate/exit_handler.py.cc -> .pyo
 [EMBED PY] src/python/gem5/components/__init__.py -> RISCV/python/gem5/components/__init__.py.cc
 [     CXX] RISCV/python/gem5/components/__init__.py.cc -> .pyo
 [EMBED PY] src/python/gem5/components/boards/__init__.py -> RISCV/python/gem5/components/boards/__init__.py.cc
 [     CXX] RISCV/python/gem5/components/boards/__init__.py.cc -> .pyo
 [EMBED PY] src/python/gem5/components/boards/abstract_board.py -> RISCV/python/gem5/components/boards/abstract_board.py.cc
 [     CXX] RISCV/python/gem5/components/boards/abstract_board.py.cc -> .pyo
 [EMBED PY] src/python/gem5/components/boards/abstract_system_board.py -> RISCV/python/gem5/components/boards/abstract_system_board.py.cc
 [     CXX] RISCV/python/gem5/components/boards/abstract_system_board.py.cc -> .pyo
 [EMBED PY] src/python/gem5/components/boards/mem_mode.py -> RISCV/python/gem5/components/boards/mem_mode.py.cc
 [     CXX] RISCV/python/gem5/components/boards/mem_mode.py.cc -> .pyo
 [EMBED PY] src/python/gem5/components/boards/riscv_board.py -> RISCV/python/gem5/components/boards/riscv_board.py.cc
 [     CXX] RISCV/python/gem5/components/boards/riscv_board.py.cc -> .pyo
 [EMBED PY] src/python/gem5/components/boards/experimental/__init__.py -> RISCV/python/gem5/components/boards/experimental/__init__.py.cc
 [     CXX] RISCV/python/gem5/components/boards/experimental/__init__.py.cc -> .pyo
 [EMBED PY] src/python/gem5/components/boards/experimental/lupv_board.py -> RISCV/python/gem5/components/boards/experimental/lupv_board.py.cc
 [     CXX] RISCV/python/gem5/components/boards/experimental/lupv_board.py.cc -> .pyo
 [EMBED PY] src/python/gem5/components/boards/simple_board.py -> RISCV/python/gem5/components/boards/simple_board.py.cc
 [     CXX] RISCV/python/gem5/components/boards/simple_board.py.cc -> .pyo
 [EMBED PY] src/python/gem5/components/boards/test_board.py -> RISCV/python/gem5/components/boards/test_board.py.cc
 [     CXX] RISCV/python/gem5/components/boards/test_board.py.cc -> .pyo
 [EMBED PY] src/python/gem5/components/boards/x86_board.py -> RISCV/python/gem5/components/boards/x86_board.py.cc
 [     CXX] RISCV/python/gem5/components/boards/x86_board.py.cc -> .pyo
 [EMBED PY] src/python/gem5/components/boards/arm_board.py -> RISCV/python/gem5/components/boards/arm_board.py.cc
 [     CXX] RISCV/python/gem5/components/boards/arm_board.py.cc -> .pyo
 [EMBED PY] src/python/gem5/components/boards/kernel_disk_workload.py -> RISCV/python/gem5/components/boards/kernel_disk_workload.py.cc
 [     CXX] RISCV/python/gem5/components/boards/kernel_disk_workload.py.cc -> .pyo
 [EMBED PY] src/python/gem5/components/boards/se_binary_workload.py -> RISCV/python/gem5/components/boards/se_binary_workload.py.cc
 [     CXX] RISCV/python/gem5/components/boards/se_binary_workload.py.cc -> .pyo
 [EMBED PY] src/python/gem5/components/cachehierarchies/__init__.py -> RISCV/python/gem5/components/cachehierarchies/__init__.py.cc
 [     CXX] RISCV/python/gem5/components/cachehierarchies/__init__.py.cc -> .pyo
 [EMBED PY] src/python/gem5/components/cachehierarchies/abstract_cache_hierarchy.py -> RISCV/python/gem5/components/cachehierarchies/abstract_cache_hierarchy.py.cc
 [     CXX] RISCV/python/gem5/components/cachehierarchies/abstract_cache_hierarchy.py.cc -> .pyo
 [EMBED PY] src/python/gem5/components/cachehierarchies/abstract_two_level_cache_hierarchy.py -> RISCV/python/gem5/components/cachehierarchies/abstract_two_level_cache_hierarchy.py.cc
 [     CXX] RISCV/python/gem5/components/cachehierarchies/abstract_two_level_cache_hierarchy.py.cc -> .pyo
 [EMBED PY] src/python/gem5/components/cachehierarchies/abstract_three_level_cache_hierarchy.py -> RISCV/python/gem5/components/cachehierarchies/abstract_three_level_cache_hierarchy.py.cc
 [     CXX] RISCV/python/gem5/components/cachehierarchies/abstract_three_level_cache_hierarchy.py.cc -> .pyo
 [EMBED PY] src/python/gem5/components/cachehierarchies/chi/__init__.py -> RISCV/python/gem5/components/cachehierarchies/chi/__init__.py.cc
 [     CXX] RISCV/python/gem5/components/cachehierarchies/chi/__init__.py.cc -> .pyo
 [EMBED PY] src/python/gem5/components/cachehierarchies/chi/private_l1_cache_hierarchy.py -> RISCV/python/gem5/components/cachehierarchies/chi/private_l1_cache_hierarchy.py.cc
 [     CXX] RISCV/python/gem5/components/cachehierarchies/chi/private_l1_cache_hierarchy.py.cc -> .pyo
 [EMBED PY] src/python/gem5/components/cachehierarchies/chi/private_l1_private_l2_cache_hierarchy.py -> RISCV/python/gem5/components/cachehierarchies/chi/private_l1_private_l2_cache_hierarchy.py.cc
 [     CXX] RISCV/python/gem5/components/cachehierarchies/chi/private_l1_private_l2_cache_hierarchy.py.cc -> .pyo
 [EMBED PY] src/python/gem5/components/cachehierarchies/chi/nodes/__init__.py -> RISCV/python/gem5/components/cachehierarchies/chi/nodes/__init__.py.cc
 [     CXX] RISCV/python/gem5/components/cachehierarchies/chi/nodes/__init__.py.cc -> .pyo
 [EMBED PY] src/python/gem5/components/cachehierarchies/chi/nodes/abstract_node.py -> RISCV/python/gem5/components/cachehierarchies/chi/nodes/abstract_node.py.cc
 [     CXX] RISCV/python/gem5/components/cachehierarchies/chi/nodes/abstract_node.py.cc -> .pyo
 [EMBED PY] src/python/gem5/components/cachehierarchies/chi/nodes/directory.py -> RISCV/python/gem5/components/cachehierarchies/chi/nodes/directory.py.cc
 [     CXX] RISCV/python/gem5/components/cachehierarchies/chi/nodes/directory.py.cc -> .pyo
 [EMBED PY] src/python/gem5/components/cachehierarchies/chi/nodes/dma_requestor.py -> RISCV/python/gem5/components/cachehierarchies/chi/nodes/dma_requestor.py.cc
 [     CXX] RISCV/python/gem5/components/cachehierarchies/chi/nodes/dma_requestor.py.cc -> .pyo
 [EMBED PY] src/python/gem5/components/cachehierarchies/chi/nodes/l1_cache.py -> RISCV/python/gem5/components/cachehierarchies/chi/nodes/l1_cache.py.cc
 [     CXX] RISCV/python/gem5/components/cachehierarchies/chi/nodes/l1_cache.py.cc -> .pyo
 [EMBED PY] src/python/gem5/components/cachehierarchies/chi/nodes/l2_cache.py -> RISCV/python/gem5/components/cachehierarchies/chi/nodes/l2_cache.py.cc
 [     CXX] RISCV/python/gem5/components/cachehierarchies/chi/nodes/l2_cache.py.cc -> .pyo
 [EMBED PY] src/python/gem5/components/cachehierarchies/chi/nodes/memory_controller.py -> RISCV/python/gem5/components/cachehierarchies/chi/nodes/memory_controller.py.cc
 [     CXX] RISCV/python/gem5/components/cachehierarchies/chi/nodes/memory_controller.py.cc -> .pyo
 [EMBED PY] src/python/gem5/components/cachehierarchies/classic/__init__.py -> RISCV/python/gem5/components/cachehierarchies/classic/__init__.py.cc
 [     CXX] RISCV/python/gem5/components/cachehierarchies/classic/__init__.py.cc -> .pyo
 [EMBED PY] src/python/gem5/components/cachehierarchies/classic/abstract_classic_cache_hierarchy.py -> RISCV/python/gem5/components/cachehierarchies/classic/abstract_classic_cache_hierarchy.py.cc
 [     CXX] RISCV/python/gem5/components/cachehierarchies/classic/abstract_classic_cache_hierarchy.py.cc -> .pyo
 [EMBED PY] src/python/gem5/components/cachehierarchies/classic/no_cache.py -> RISCV/python/gem5/components/cachehierarchies/classic/no_cache.py.cc
 [     CXX] RISCV/python/gem5/components/cachehierarchies/classic/no_cache.py.cc -> .pyo
 [EMBED PY] src/python/gem5/components/cachehierarchies/classic/private_l1_cache_hierarchy.py -> RISCV/python/gem5/components/cachehierarchies/classic/private_l1_cache_hierarchy.py.cc
 [     CXX] RISCV/python/gem5/components/cachehierarchies/classic/private_l1_cache_hierarchy.py.cc -> .pyo
 [EMBED PY] src/python/gem5/components/cachehierarchies/classic/private_l1_walk_cache_hierarchy.py -> RISCV/python/gem5/components/cachehierarchies/classic/private_l1_walk_cache_hierarchy.py.cc
 [     CXX] RISCV/python/gem5/components/cachehierarchies/classic/private_l1_walk_cache_hierarchy.py.cc -> .pyo
 [EMBED PY] src/python/gem5/components/cachehierarchies/classic/private_l1_private_l2_cache_hierarchy.py -> RISCV/python/gem5/components/cachehierarchies/classic/private_l1_private_l2_cache_hierarchy.py.cc
 [     CXX] RISCV/python/gem5/components/cachehierarchies/classic/private_l1_private_l2_cache_hierarchy.py.cc -> .pyo
 [EMBED PY] src/python/gem5/components/cachehierarchies/classic/two_level_fdp_cache_hierarchy.py -> RISCV/python/gem5/components/cachehierarchies/classic/two_level_fdp_cache_hierarchy.py.cc
 [     CXX] RISCV/python/gem5/components/cachehierarchies/classic/two_level_fdp_cache_hierarchy.py.cc -> .pyo
 [EMBED PY] src/python/gem5/components/cachehierarchies/classic/private_l1_private_l2_walk_cache_hierarchy.py -> RISCV/python/gem5/components/cachehierarchies/classic/private_l1_private_l2_walk_cache_hierarchy.py.cc
 [     CXX] RISCV/python/gem5/components/cachehierarchies/classic/private_l1_private_l2_walk_cache_hierarchy.py.cc -> .pyo
 [EMBED PY] src/python/gem5/components/cachehierarchies/classic/private_l1_shared_l2_cache_hierarchy.py -> RISCV/python/gem5/components/cachehierarchies/classic/private_l1_shared_l2_cache_hierarchy.py.cc
 [     CXX] RISCV/python/gem5/components/cachehierarchies/classic/private_l1_shared_l2_cache_hierarchy.py.cc -> .pyo
 [EMBED PY] src/python/gem5/components/cachehierarchies/classic/private_l1_shared_l2_walk_cache_hierarchy.py -> RISCV/python/gem5/components/cachehierarchies/classic/private_l1_shared_l2_walk_cache_hierarchy.py.cc
 [     CXX] RISCV/python/gem5/components/cachehierarchies/classic/private_l1_shared_l2_walk_cache_hierarchy.py.cc -> .pyo
 [EMBED PY] src/python/gem5/components/cachehierarchies/classic/caches/__init__.py -> RISCV/python/gem5/components/cachehierarchies/classic/caches/__init__.py.cc
 [     CXX] RISCV/python/gem5/components/cachehierarchies/classic/caches/__init__.py.cc -> .pyo
 [EMBED PY] src/python/gem5/components/cachehierarchies/classic/caches/l1dcache.py -> RISCV/python/gem5/components/cachehierarchies/classic/caches/l1dcache.py.cc
 [     CXX] RISCV/python/gem5/components/cachehierarchies/classic/caches/l1dcache.py.cc -> .pyo
 [EMBED PY] src/python/gem5/components/cachehierarchies/classic/caches/l1icache.py -> RISCV/python/gem5/components/cachehierarchies/classic/caches/l1icache.py.cc
 [     CXX] RISCV/python/gem5/components/cachehierarchies/classic/caches/l1icache.py.cc -> .pyo
 [EMBED PY] src/python/gem5/components/cachehierarchies/classic/caches/l2cache.py -> RISCV/python/gem5/components/cachehierarchies/classic/caches/l2cache.py.cc
 [     CXX] RISCV/python/gem5/components/cachehierarchies/classic/caches/l2cache.py.cc -> .pyo
 [EMBED PY] src/python/gem5/components/cachehierarchies/classic/caches/mmu_cache.py -> RISCV/python/gem5/components/cachehierarchies/classic/caches/mmu_cache.py.cc
 [     CXX] RISCV/python/gem5/components/cachehierarchies/classic/caches/mmu_cache.py.cc -> .pyo
 [EMBED PY] src/python/gem5/components/cachehierarchies/ruby/__init__.py -> RISCV/python/gem5/components/cachehierarchies/ruby/__init__.py.cc
 [     CXX] RISCV/python/gem5/components/cachehierarchies/ruby/__init__.py.cc -> .pyo
 [EMBED PY] src/python/gem5/components/cachehierarchies/ruby/abstract_ruby_cache_hierarchy.py -> RISCV/python/gem5/components/cachehierarchies/ruby/abstract_ruby_cache_hierarchy.py.cc
 [     CXX] RISCV/python/gem5/components/cachehierarchies/ruby/abstract_ruby_cache_hierarchy.py.cc -> .pyo
 [EMBED PY] src/python/gem5/components/cachehierarchies/ruby/mesi_two_level_cache_hierarchy.py -> RISCV/python/gem5/components/cachehierarchies/ruby/mesi_two_level_cache_hierarchy.py.cc
 [     CXX] RISCV/python/gem5/components/cachehierarchies/ruby/mesi_two_level_cache_hierarchy.py.cc -> .pyo
 [EMBED PY] src/python/gem5/components/cachehierarchies/ruby/mesi_three_level_cache_hierarchy.py -> RISCV/python/gem5/components/cachehierarchies/ruby/mesi_three_level_cache_hierarchy.py.cc
 [     CXX] RISCV/python/gem5/components/cachehierarchies/ruby/mesi_three_level_cache_hierarchy.py.cc -> .pyo
 [EMBED PY] src/python/gem5/components/cachehierarchies/ruby/mi_example_cache_hierarchy.py -> RISCV/python/gem5/components/cachehierarchies/ruby/mi_example_cache_hierarchy.py.cc
 [     CXX] RISCV/python/gem5/components/cachehierarchies/ruby/mi_example_cache_hierarchy.py.cc -> .pyo
 [EMBED PY] src/python/gem5/components/cachehierarchies/ruby/caches/__init__.py -> RISCV/python/gem5/components/cachehierarchies/ruby/caches/__init__.py.cc
 [     CXX] RISCV/python/gem5/components/cachehierarchies/ruby/caches/__init__.py.cc -> .pyo
 [EMBED PY] src/python/gem5/components/cachehierarchies/ruby/caches/mesi_two_level/__init__.py -> RISCV/python/gem5/components/cachehierarchies/ruby/caches/mesi_two_level/__init__.py.cc
 [     CXX] RISCV/python/gem5/components/cachehierarchies/ruby/caches/mesi_two_level/__init__.py.cc -> .pyo
 [EMBED PY] src/python/gem5/components/cachehierarchies/ruby/caches/mesi_two_level/directory.py -> RISCV/python/gem5/components/cachehierarchies/ruby/caches/mesi_two_level/directory.py.cc
 [     CXX] RISCV/python/gem5/components/cachehierarchies/ruby/caches/mesi_two_level/directory.py.cc -> .pyo
 [EMBED PY] src/python/gem5/components/cachehierarchies/ruby/caches/mesi_two_level/dma_controller.py -> RISCV/python/gem5/components/cachehierarchies/ruby/caches/mesi_two_level/dma_controller.py.cc
 [     CXX] RISCV/python/gem5/components/cachehierarchies/ruby/caches/mesi_two_level/dma_controller.py.cc -> .pyo
 [EMBED PY] src/python/gem5/components/cachehierarchies/ruby/caches/mesi_two_level/l1_cache.py -> RISCV/python/gem5/components/cachehierarchies/ruby/caches/mesi_two_level/l1_cache.py.cc
 [     CXX] RISCV/python/gem5/components/cachehierarchies/ruby/caches/mesi_two_level/l1_cache.py.cc -> .pyo
 [EMBED PY] src/python/gem5/components/cachehierarchies/ruby/caches/mesi_two_level/l2_cache.py -> RISCV/python/gem5/components/cachehierarchies/ruby/caches/mesi_two_level/l2_cache.py.cc
 [     CXX] RISCV/python/gem5/components/cachehierarchies/ruby/caches/mesi_two_level/l2_cache.py.cc -> .pyo
 [EMBED PY] src/python/gem5/components/cachehierarchies/ruby/caches/mesi_three_level/__init__.py -> RISCV/python/gem5/components/cachehierarchies/ruby/caches/mesi_three_level/__init__.py.cc
 [     CXX] RISCV/python/gem5/components/cachehierarchies/ruby/caches/mesi_three_level/__init__.py.cc -> .pyo
 [EMBED PY] src/python/gem5/components/cachehierarchies/ruby/caches/mesi_three_level/directory.py -> RISCV/python/gem5/components/cachehierarchies/ruby/caches/mesi_three_level/directory.py.cc
 [     CXX] RISCV/python/gem5/components/cachehierarchies/ruby/caches/mesi_three_level/directory.py.cc -> .pyo
 [EMBED PY] src/python/gem5/components/cachehierarchies/ruby/caches/mesi_three_level/dma_controller.py -> RISCV/python/gem5/components/cachehierarchies/ruby/caches/mesi_three_level/dma_controller.py.cc
 [     CXX] RISCV/python/gem5/components/cachehierarchies/ruby/caches/mesi_three_level/dma_controller.py.cc -> .pyo
 [EMBED PY] src/python/gem5/components/cachehierarchies/ruby/caches/mesi_three_level/l1_cache.py -> RISCV/python/gem5/components/cachehierarchies/ruby/caches/mesi_three_level/l1_cache.py.cc
 [     CXX] RISCV/python/gem5/components/cachehierarchies/ruby/caches/mesi_three_level/l1_cache.py.cc -> .pyo
 [EMBED PY] src/python/gem5/components/cachehierarchies/ruby/caches/mesi_three_level/l2_cache.py -> RISCV/python/gem5/components/cachehierarchies/ruby/caches/mesi_three_level/l2_cache.py.cc
 [     CXX] RISCV/python/gem5/components/cachehierarchies/ruby/caches/mesi_three_level/l2_cache.py.cc -> .pyo
 [EMBED PY] src/python/gem5/components/cachehierarchies/ruby/caches/mesi_three_level/l3_cache.py -> RISCV/python/gem5/components/cachehierarchies/ruby/caches/mesi_three_level/l3_cache.py.cc
 [     CXX] RISCV/python/gem5/components/cachehierarchies/ruby/caches/mesi_three_level/l3_cache.py.cc -> .pyo
 [EMBED PY] src/python/gem5/components/cachehierarchies/ruby/caches/prebuilt/__init__.py -> RISCV/python/gem5/components/cachehierarchies/ruby/caches/prebuilt/__init__.py.cc
 [     CXX] RISCV/python/gem5/components/cachehierarchies/ruby/caches/prebuilt/__init__.py.cc -> .pyo
 [EMBED PY] src/python/gem5/components/cachehierarchies/ruby/caches/prebuilt/octopi_cache/__init__.py -> RISCV/python/gem5/components/cachehierarchies/ruby/caches/prebuilt/octopi_cache/__init__.py.cc
 [     CXX] RISCV/python/gem5/components/cachehierarchies/ruby/caches/prebuilt/octopi_cache/__init__.py.cc -> .pyo
 [EMBED PY] src/python/gem5/components/cachehierarchies/ruby/caches/prebuilt/octopi_cache/octopi.py -> RISCV/python/gem5/components/cachehierarchies/ruby/caches/prebuilt/octopi_cache/octopi.py.cc
 [     CXX] RISCV/python/gem5/components/cachehierarchies/ruby/caches/prebuilt/octopi_cache/octopi.py.cc -> .pyo
 [EMBED PY] src/python/gem5/components/cachehierarchies/ruby/caches/prebuilt/octopi_cache/core_complex.py -> RISCV/python/gem5/components/cachehierarchies/ruby/caches/prebuilt/octopi_cache/core_complex.py.cc
 [     CXX] RISCV/python/gem5/components/cachehierarchies/ruby/caches/prebuilt/octopi_cache/core_complex.py.cc -> .pyo
 [EMBED PY] src/python/gem5/components/cachehierarchies/ruby/caches/prebuilt/octopi_cache/octopi_network.py -> RISCV/python/gem5/components/cachehierarchies/ruby/caches/prebuilt/octopi_cache/octopi_network.py.cc
 [     CXX] RISCV/python/gem5/components/cachehierarchies/ruby/caches/prebuilt/octopi_cache/octopi_network.py.cc -> .pyo
 [EMBED PY] src/python/gem5/components/cachehierarchies/ruby/caches/prebuilt/octopi_cache/ruby_network_components.py -> RISCV/python/gem5/components/cachehierarchies/ruby/caches/prebuilt/octopi_cache/ruby_network_components.py.cc
 [     CXX] RISCV/python/gem5/components/cachehierarchies/ruby/caches/prebuilt/octopi_cache/ruby_network_components.py.cc -> .pyo
 [EMBED PY] src/python/gem5/components/cachehierarchies/ruby/caches/mi_example/__init__.py -> RISCV/python/gem5/components/cachehierarchies/ruby/caches/mi_example/__init__.py.cc
 [     CXX] RISCV/python/gem5/components/cachehierarchies/ruby/caches/mi_example/__init__.py.cc -> .pyo
 [EMBED PY] src/python/gem5/components/cachehierarchies/ruby/caches/mi_example/directory.py -> RISCV/python/gem5/components/cachehierarchies/ruby/caches/mi_example/directory.py.cc
 [     CXX] RISCV/python/gem5/components/cachehierarchies/ruby/caches/mi_example/directory.py.cc -> .pyo
 [EMBED PY] src/python/gem5/components/cachehierarchies/ruby/caches/mi_example/dma_controller.py -> RISCV/python/gem5/components/cachehierarchies/ruby/caches/mi_example/dma_controller.py.cc
 [     CXX] RISCV/python/gem5/components/cachehierarchies/ruby/caches/mi_example/dma_controller.py.cc -> .pyo
 [EMBED PY] src/python/gem5/components/cachehierarchies/ruby/caches/mi_example/l1_cache.py -> RISCV/python/gem5/components/cachehierarchies/ruby/caches/mi_example/l1_cache.py.cc
 [     CXX] RISCV/python/gem5/components/cachehierarchies/ruby/caches/mi_example/l1_cache.py.cc -> .pyo
 [EMBED PY] src/python/gem5/components/cachehierarchies/ruby/caches/viper/__init__.py -> RISCV/python/gem5/components/cachehierarchies/ruby/caches/viper/__init__.py.cc
 [     CXX] RISCV/python/gem5/components/cachehierarchies/ruby/caches/viper/__init__.py.cc -> .pyo
 [EMBED PY] src/python/gem5/components/cachehierarchies/ruby/caches/viper/corepair_cache.py -> RISCV/python/gem5/components/cachehierarchies/ruby/caches/viper/corepair_cache.py.cc
 [     CXX] RISCV/python/gem5/components/cachehierarchies/ruby/caches/viper/corepair_cache.py.cc -> .pyo
 [EMBED PY] src/python/gem5/components/cachehierarchies/ruby/caches/viper/directory.py -> RISCV/python/gem5/components/cachehierarchies/ruby/caches/viper/directory.py.cc
 [     CXX] RISCV/python/gem5/components/cachehierarchies/ruby/caches/viper/directory.py.cc -> .pyo
 [EMBED PY] src/python/gem5/components/cachehierarchies/ruby/caches/viper/dma_controller.py -> RISCV/python/gem5/components/cachehierarchies/ruby/caches/viper/dma_controller.py.cc
 [     CXX] RISCV/python/gem5/components/cachehierarchies/ruby/caches/viper/dma_controller.py.cc -> .pyo
 [EMBED PY] src/python/gem5/components/cachehierarchies/ruby/caches/viper/tcp.py -> RISCV/python/gem5/components/cachehierarchies/ruby/caches/viper/tcp.py.cc
 [     CXX] RISCV/python/gem5/components/cachehierarchies/ruby/caches/viper/tcp.py.cc -> .pyo
 [EMBED PY] src/python/gem5/components/cachehierarchies/ruby/caches/viper/sqc.py -> RISCV/python/gem5/components/cachehierarchies/ruby/caches/viper/sqc.py.cc
 [     CXX] RISCV/python/gem5/components/cachehierarchies/ruby/caches/viper/sqc.py.cc -> .pyo
 [EMBED PY] src/python/gem5/components/cachehierarchies/ruby/caches/viper/tcc.py -> RISCV/python/gem5/components/cachehierarchies/ruby/caches/viper/tcc.py.cc
 [     CXX] RISCV/python/gem5/components/cachehierarchies/ruby/caches/viper/tcc.py.cc -> .pyo
 [EMBED PY] src/python/gem5/components/cachehierarchies/ruby/topologies/__init__.py -> RISCV/python/gem5/components/cachehierarchies/ruby/topologies/__init__.py.cc
 [     CXX] RISCV/python/gem5/components/cachehierarchies/ruby/topologies/__init__.py.cc -> .pyo
 [EMBED PY] src/python/gem5/components/cachehierarchies/ruby/topologies/simple_pt2pt.py -> RISCV/python/gem5/components/cachehierarchies/ruby/topologies/simple_pt2pt.py.cc
 [     CXX] RISCV/python/gem5/components/cachehierarchies/ruby/topologies/simple_pt2pt.py.cc -> .pyo
 [EMBED PY] src/python/gem5/components/devices/__init__.py -> RISCV/python/gem5/components/devices/__init__.py.cc
 [     CXX] RISCV/python/gem5/components/devices/__init__.py.cc -> .pyo
 [EMBED PY] src/python/gem5/components/devices/gpus/__init__.py -> RISCV/python/gem5/components/devices/gpus/__init__.py.cc
 [     CXX] RISCV/python/gem5/components/devices/gpus/__init__.py.cc -> .pyo
 [EMBED PY] src/python/gem5/components/devices/gpus/amdgpu.py -> RISCV/python/gem5/components/devices/gpus/amdgpu.py.cc
 [     CXX] RISCV/python/gem5/components/devices/gpus/amdgpu.py.cc -> .pyo
 [EMBED PY] src/python/gem5/components/devices/gpus/viper_shader.py -> RISCV/python/gem5/components/devices/gpus/viper_shader.py.cc
 [     CXX] RISCV/python/gem5/components/devices/gpus/viper_shader.py.cc -> .pyo
 [EMBED PY] src/python/gem5/components/memory/__init__.py -> RISCV/python/gem5/components/memory/__init__.py.cc
 [     CXX] RISCV/python/gem5/components/memory/__init__.py.cc -> .pyo
 [EMBED PY] src/python/gem5/components/memory/abstract_memory_system.py -> RISCV/python/gem5/components/memory/abstract_memory_system.py.cc
 [     CXX] RISCV/python/gem5/components/memory/abstract_memory_system.py.cc -> .pyo
 [EMBED PY] src/python/gem5/components/memory/dramsim_3.py -> RISCV/python/gem5/components/memory/dramsim_3.py.cc
 [     CXX] RISCV/python/gem5/components/memory/dramsim_3.py.cc -> .pyo
 [EMBED PY] src/python/gem5/components/memory/simple.py -> RISCV/python/gem5/components/memory/simple.py.cc
 [     CXX] RISCV/python/gem5/components/memory/simple.py.cc -> .pyo
 [EMBED PY] src/python/gem5/components/memory/memory.py -> RISCV/python/gem5/components/memory/memory.py.cc
 [     CXX] RISCV/python/gem5/components/memory/memory.py.cc -> .pyo
 [EMBED PY] src/python/gem5/components/memory/single_channel.py -> RISCV/python/gem5/components/memory/single_channel.py.cc
 [     CXX] RISCV/python/gem5/components/memory/single_channel.py.cc -> .pyo
 [EMBED PY] src/python/gem5/components/memory/multi_channel.py -> RISCV/python/gem5/components/memory/multi_channel.py.cc
 [     CXX] RISCV/python/gem5/components/memory/multi_channel.py.cc -> .pyo
 [EMBED PY] src/python/gem5/components/memory/hbm.py -> RISCV/python/gem5/components/memory/hbm.py.cc
 [     CXX] RISCV/python/gem5/components/memory/hbm.py.cc -> .pyo
 [EMBED PY] src/python/gem5/components/memory/dram_interfaces/__init__.py -> RISCV/python/gem5/components/memory/dram_interfaces/__init__.py.cc
 [     CXX] RISCV/python/gem5/components/memory/dram_interfaces/__init__.py.cc -> .pyo
 [EMBED PY] src/python/gem5/components/memory/dram_interfaces/ddr3.py -> RISCV/python/gem5/components/memory/dram_interfaces/ddr3.py.cc
 [     CXX] RISCV/python/gem5/components/memory/dram_interfaces/ddr3.py.cc -> .pyo
 [EMBED PY] src/python/gem5/components/memory/dram_interfaces/ddr4.py -> RISCV/python/gem5/components/memory/dram_interfaces/ddr4.py.cc
 [     CXX] RISCV/python/gem5/components/memory/dram_interfaces/ddr4.py.cc -> .pyo
 [EMBED PY] src/python/gem5/components/memory/dram_interfaces/ddr5.py -> RISCV/python/gem5/components/memory/dram_interfaces/ddr5.py.cc
 [     CXX] RISCV/python/gem5/components/memory/dram_interfaces/ddr5.py.cc -> .pyo
 [EMBED PY] src/python/gem5/components/memory/dram_interfaces/gddr.py -> RISCV/python/gem5/components/memory/dram_interfaces/gddr.py.cc
 [     CXX] RISCV/python/gem5/components/memory/dram_interfaces/gddr.py.cc -> .pyo
 [EMBED PY] src/python/gem5/components/memory/dram_interfaces/hbm.py -> RISCV/python/gem5/components/memory/dram_interfaces/hbm.py.cc
 [     CXX] RISCV/python/gem5/components/memory/dram_interfaces/hbm.py.cc -> .pyo
 [EMBED PY] src/python/gem5/components/memory/dram_interfaces/hmc.py -> RISCV/python/gem5/components/memory/dram_interfaces/hmc.py.cc
 [     CXX] RISCV/python/gem5/components/memory/dram_interfaces/hmc.py.cc -> .pyo
 [EMBED PY] src/python/gem5/components/memory/dram_interfaces/lpddr2.py -> RISCV/python/gem5/components/memory/dram_interfaces/lpddr2.py.cc
 [     CXX] RISCV/python/gem5/components/memory/dram_interfaces/lpddr2.py.cc -> .pyo
 [EMBED PY] src/python/gem5/components/memory/dram_interfaces/lpddr3.py -> RISCV/python/gem5/components/memory/dram_interfaces/lpddr3.py.cc
 [     CXX] RISCV/python/gem5/components/memory/dram_interfaces/lpddr3.py.cc -> .pyo
 [EMBED PY] src/python/gem5/components/memory/dram_interfaces/lpddr5.py -> RISCV/python/gem5/components/memory/dram_interfaces/lpddr5.py.cc
 [     CXX] RISCV/python/gem5/components/memory/dram_interfaces/lpddr5.py.cc -> .pyo
 [EMBED PY] src/python/gem5/components/memory/dram_interfaces/wideio.py -> RISCV/python/gem5/components/memory/dram_interfaces/wideio.py.cc
 [     CXX] RISCV/python/gem5/components/memory/dram_interfaces/wideio.py.cc -> .pyo
 [EMBED PY] src/python/gem5/components/processors/__init__.py -> RISCV/python/gem5/components/processors/__init__.py.cc
 [     CXX] RISCV/python/gem5/components/processors/__init__.py.cc -> .pyo
 [EMBED PY] src/python/gem5/components/processors/abstract_core.py -> RISCV/python/gem5/components/processors/abstract_core.py.cc
 [     CXX] RISCV/python/gem5/components/processors/abstract_core.py.cc -> .pyo
 [EMBED PY] src/python/gem5/components/processors/abstract_generator_core.py -> RISCV/python/gem5/components/processors/abstract_generator_core.py.cc
 [     CXX] RISCV/python/gem5/components/processors/abstract_generator_core.py.cc -> .pyo
 [EMBED PY] src/python/gem5/components/processors/abstract_generator.py -> RISCV/python/gem5/components/processors/abstract_generator.py.cc
 [     CXX] RISCV/python/gem5/components/processors/abstract_generator.py.cc -> .pyo
 [EMBED PY] src/python/gem5/components/processors/abstract_processor.py -> RISCV/python/gem5/components/processors/abstract_processor.py.cc
 [     CXX] RISCV/python/gem5/components/processors/abstract_processor.py.cc -> .pyo
 [EMBED PY] src/python/gem5/components/processors/complex_generator_core.py -> RISCV/python/gem5/components/processors/complex_generator_core.py.cc
 [     CXX] RISCV/python/gem5/components/processors/complex_generator_core.py.cc -> .pyo
 [EMBED PY] src/python/gem5/components/processors/complex_generator.py -> RISCV/python/gem5/components/processors/complex_generator.py.cc
 [     CXX] RISCV/python/gem5/components/processors/complex_generator.py.cc -> .pyo
 [EMBED PY] src/python/gem5/components/processors/cpu_types.py -> RISCV/python/gem5/components/processors/cpu_types.py.cc
 [     CXX] RISCV/python/gem5/components/processors/cpu_types.py.cc -> .pyo
 [EMBED PY] src/python/gem5/components/processors/gups_generator_core.py -> RISCV/python/gem5/components/processors/gups_generator_core.py.cc
 [     CXX] RISCV/python/gem5/components/processors/gups_generator_core.py.cc -> .pyo
 [EMBED PY] src/python/gem5/components/processors/gups_generator.py -> RISCV/python/gem5/components/processors/gups_generator.py.cc
 [     CXX] RISCV/python/gem5/components/processors/gups_generator.py.cc -> .pyo
 [EMBED PY] src/python/gem5/components/processors/gups_generator_ep.py -> RISCV/python/gem5/components/processors/gups_generator_ep.py.cc
 [     CXX] RISCV/python/gem5/components/processors/gups_generator_ep.py.cc -> .pyo
 [EMBED PY] src/python/gem5/components/processors/gups_generator_par.py -> RISCV/python/gem5/components/processors/gups_generator_par.py.cc
 [     CXX] RISCV/python/gem5/components/processors/gups_generator_par.py.cc -> .pyo
 [EMBED PY] src/python/gem5/components/processors/linear_generator_core.py -> RISCV/python/gem5/components/processors/linear_generator_core.py.cc
 [     CXX] RISCV/python/gem5/components/processors/linear_generator_core.py.cc -> .pyo
 [EMBED PY] src/python/gem5/components/processors/linear_generator.py -> RISCV/python/gem5/components/processors/linear_generator.py.cc
 [     CXX] RISCV/python/gem5/components/processors/linear_generator.py.cc -> .pyo
 [EMBED PY] src/python/gem5/components/processors/strided_generator_core.py -> RISCV/python/gem5/components/processors/strided_generator_core.py.cc
 [     CXX] RISCV/python/gem5/components/processors/strided_generator_core.py.cc -> .pyo
 [EMBED PY] src/python/gem5/components/processors/strided_generator.py -> RISCV/python/gem5/components/processors/strided_generator.py.cc
 [     CXX] RISCV/python/gem5/components/processors/strided_generator.py.cc -> .pyo
 [EMBED PY] src/python/gem5/components/processors/random_generator_core.py -> RISCV/python/gem5/components/processors/random_generator_core.py.cc
 [     CXX] RISCV/python/gem5/components/processors/random_generator_core.py.cc -> .pyo
 [EMBED PY] src/python/gem5/components/processors/random_generator.py -> RISCV/python/gem5/components/processors/random_generator.py.cc
 [     CXX] RISCV/python/gem5/components/processors/random_generator.py.cc -> .pyo
 [EMBED PY] src/python/gem5/components/processors/spatter_gen/__init__.py -> RISCV/python/gem5/components/processors/spatter_gen/__init__.py.cc
 [     CXX] RISCV/python/gem5/components/processors/spatter_gen/__init__.py.cc -> .pyo
 [EMBED PY] src/python/gem5/components/processors/spatter_gen/spatter_generator_core.py -> RISCV/python/gem5/components/processors/spatter_gen/spatter_generator_core.py.cc
 [     CXX] RISCV/python/gem5/components/processors/spatter_gen/spatter_generator_core.py.cc -> .pyo
 [EMBED PY] src/python/gem5/components/processors/spatter_gen/spatter_generator.py -> RISCV/python/gem5/components/processors/spatter_gen/spatter_generator.py.cc
 [     CXX] RISCV/python/gem5/components/processors/spatter_gen/spatter_generator.py.cc -> .pyo
 [EMBED PY] src/python/gem5/components/processors/spatter_gen/spatter_kernel.py -> RISCV/python/gem5/components/processors/spatter_gen/spatter_kernel.py.cc
 [     CXX] RISCV/python/gem5/components/processors/spatter_gen/spatter_kernel.py.cc -> .pyo
 [EMBED PY] src/python/gem5/components/processors/simple_core.py -> RISCV/python/gem5/components/processors/simple_core.py.cc
 [     CXX] RISCV/python/gem5/components/processors/simple_core.py.cc -> .pyo
 [EMBED PY] src/python/gem5/components/processors/base_cpu_core.py -> RISCV/python/gem5/components/processors/base_cpu_core.py.cc
 [     CXX] RISCV/python/gem5/components/processors/base_cpu_core.py.cc -> .pyo
 [EMBED PY] src/python/gem5/components/processors/simple_processor.py -> RISCV/python/gem5/components/processors/simple_processor.py.cc
 [     CXX] RISCV/python/gem5/components/processors/simple_processor.py.cc -> .pyo
 [EMBED PY] src/python/gem5/components/processors/decoupled_processor.py -> RISCV/python/gem5/components/processors/decoupled_processor.py.cc
 [     CXX] RISCV/python/gem5/components/processors/decoupled_processor.py.cc -> .pyo
 [EMBED PY] src/python/gem5/components/processors/base_cpu_processor.py -> RISCV/python/gem5/components/processors/base_cpu_processor.py.cc
 [     CXX] RISCV/python/gem5/components/processors/base_cpu_processor.py.cc -> .pyo
 [EMBED PY] src/python/gem5/components/processors/simple_switchable_processor.py -> RISCV/python/gem5/components/processors/simple_switchable_processor.py.cc
 [     CXX] RISCV/python/gem5/components/processors/simple_switchable_processor.py.cc -> .pyo
 [EMBED PY] src/python/gem5/components/processors/switchable_processor.py -> RISCV/python/gem5/components/processors/switchable_processor.py.cc
 [     CXX] RISCV/python/gem5/components/processors/switchable_processor.py.cc -> .pyo
 [EMBED PY] src/python/gem5/utils/simpoint.py -> RISCV/python/gem5/utils/simpoint.py.cc
 [     CXX] RISCV/python/gem5/utils/simpoint.py.cc -> .pyo
 [EMBED PY] src/python/gem5/components/processors/traffic_generator_core.py -> RISCV/python/gem5/components/processors/traffic_generator_core.py.cc
 [     CXX] RISCV/python/gem5/components/processors/traffic_generator_core.py.cc -> .pyo
 [EMBED PY] src/python/gem5/components/processors/traffic_generator.py -> RISCV/python/gem5/components/processors/traffic_generator.py.cc
 [     CXX] RISCV/python/gem5/components/processors/traffic_generator.py.cc -> .pyo
 [EMBED PY] src/python/gem5/prebuilt/__init__.py -> RISCV/python/gem5/prebuilt/__init__.py.cc
 [     CXX] RISCV/python/gem5/prebuilt/__init__.py.cc -> .pyo
 [EMBED PY] src/python/gem5/prebuilt/demo/__init__.py -> RISCV/python/gem5/prebuilt/demo/__init__.py.cc
 [     CXX] RISCV/python/gem5/prebuilt/demo/__init__.py.cc -> .pyo
 [EMBED PY] src/python/gem5/prebuilt/demo/x86_demo_board.py -> RISCV/python/gem5/prebuilt/demo/x86_demo_board.py.cc
 [     CXX] RISCV/python/gem5/prebuilt/demo/x86_demo_board.py.cc -> .pyo
 [EMBED PY] src/python/gem5/prebuilt/demo/riscv_demo_board.py -> RISCV/python/gem5/prebuilt/demo/riscv_demo_board.py.cc
 [     CXX] RISCV/python/gem5/prebuilt/demo/riscv_demo_board.py.cc -> .pyo
 [EMBED PY] src/python/gem5/prebuilt/demo/arm_demo_board.py -> RISCV/python/gem5/prebuilt/demo/arm_demo_board.py.cc
 [     CXX] RISCV/python/gem5/prebuilt/demo/arm_demo_board.py.cc -> .pyo
 [EMBED PY] src/python/gem5/prebuilt/riscvmatched/__init__.py -> RISCV/python/gem5/prebuilt/riscvmatched/__init__.py.cc
 [     CXX] RISCV/python/gem5/prebuilt/riscvmatched/__init__.py.cc -> .pyo
 [EMBED PY] src/python/gem5/prebuilt/riscvmatched/riscvmatched_board.py -> RISCV/python/gem5/prebuilt/riscvmatched/riscvmatched_board.py.cc
 [     CXX] RISCV/python/gem5/prebuilt/riscvmatched/riscvmatched_board.py.cc -> .pyo
 [EMBED PY] src/python/gem5/prebuilt/riscvmatched/riscvmatched_cache.py -> RISCV/python/gem5/prebuilt/riscvmatched/riscvmatched_cache.py.cc
 [     CXX] RISCV/python/gem5/prebuilt/riscvmatched/riscvmatched_cache.py.cc -> .pyo
 [EMBED PY] src/python/gem5/prebuilt/riscvmatched/riscvmatched_processor.py -> RISCV/python/gem5/prebuilt/riscvmatched/riscvmatched_processor.py.cc
 [     CXX] RISCV/python/gem5/prebuilt/riscvmatched/riscvmatched_processor.py.cc -> .pyo
 [EMBED PY] src/python/gem5/prebuilt/riscvmatched/riscvmatched_core.py -> RISCV/python/gem5/prebuilt/riscvmatched/riscvmatched_core.py.cc
 [     CXX] RISCV/python/gem5/prebuilt/riscvmatched/riscvmatched_core.py.cc -> .pyo
 [EMBED PY] src/python/gem5/prebuilt/viper/__init__.py -> RISCV/python/gem5/prebuilt/viper/__init__.py.cc
 [     CXX] RISCV/python/gem5/prebuilt/viper/__init__.py.cc -> .pyo
 [EMBED PY] src/python/gem5/prebuilt/viper/board.py -> RISCV/python/gem5/prebuilt/viper/board.py.cc
 [     CXX] RISCV/python/gem5/prebuilt/viper/board.py.cc -> .pyo
 [EMBED PY] src/python/gem5/prebuilt/viper/cpu_cache_hierarchy.py -> RISCV/python/gem5/prebuilt/viper/cpu_cache_hierarchy.py.cc
 [     CXX] RISCV/python/gem5/prebuilt/viper/cpu_cache_hierarchy.py.cc -> .pyo
 [EMBED PY] src/python/gem5/prebuilt/viper/gpu_cache_hierarchy.py -> RISCV/python/gem5/prebuilt/viper/gpu_cache_hierarchy.py.cc
 [     CXX] RISCV/python/gem5/prebuilt/viper/gpu_cache_hierarchy.py.cc -> .pyo
 [EMBED PY] src/python/gem5/prebuilt/viper/viper_network.py -> RISCV/python/gem5/prebuilt/viper/viper_network.py.cc
 [     CXX] RISCV/python/gem5/prebuilt/viper/viper_network.py.cc -> .pyo
 [EMBED PY] src/python/gem5/resources/__init__.py -> RISCV/python/gem5/resources/__init__.py.cc
 [     CXX] RISCV/python/gem5/resources/__init__.py.cc -> .pyo
 [EMBED PY] src/python/gem5/resources/client.py -> RISCV/python/gem5/resources/client.py.cc
 [     CXX] RISCV/python/gem5/resources/client.py.cc -> .pyo
 [EMBED PY] src/python/gem5/resources/downloader.py -> RISCV/python/gem5/resources/downloader.py.cc
 [     CXX] RISCV/python/gem5/resources/downloader.py.cc -> .pyo
 [EMBED PY] src/python/gem5/resources/md5_utils.py -> RISCV/python/gem5/resources/md5_utils.py.cc
 [     CXX] RISCV/python/gem5/resources/md5_utils.py.cc -> .pyo
 [EMBED PY] src/python/gem5/resources/resource.py -> RISCV/python/gem5/resources/resource.py.cc
 [     CXX] RISCV/python/gem5/resources/resource.py.cc -> .pyo
 [EMBED PY] src/python/gem5/resources/workload.py -> RISCV/python/gem5/resources/workload.py.cc
 [     CXX] RISCV/python/gem5/resources/workload.py.cc -> .pyo
 [EMBED PY] src/python/gem5/resources/looppoint.py -> RISCV/python/gem5/resources/looppoint.py.cc
 [     CXX] RISCV/python/gem5/resources/looppoint.py.cc -> .pyo
 [EMBED PY] src/python/gem5/resources/elfie.py -> RISCV/python/gem5/resources/elfie.py.cc
 [     CXX] RISCV/python/gem5/resources/elfie.py.cc -> .pyo
 [EMBED PY] src/python/gem5/resources/client_api/__init__.py -> RISCV/python/gem5/resources/client_api/__init__.py.cc
 [     CXX] RISCV/python/gem5/resources/client_api/__init__.py.cc -> .pyo
 [EMBED PY] src/python/gem5/resources/client_api/jsonclient.py -> RISCV/python/gem5/resources/client_api/jsonclient.py.cc
 [     CXX] RISCV/python/gem5/resources/client_api/jsonclient.py.cc -> .pyo
 [EMBED PY] src/python/gem5/resources/client_api/azure_functions_client.py -> RISCV/python/gem5/resources/client_api/azure_functions_client.py.cc
 [     CXX] RISCV/python/gem5/resources/client_api/azure_functions_client.py.cc -> .pyo
 [EMBED PY] src/python/gem5/resources/client_api/abstract_client.py -> RISCV/python/gem5/resources/client_api/abstract_client.py.cc
 [     CXX] RISCV/python/gem5/resources/client_api/abstract_client.py.cc -> .pyo
 [EMBED PY] src/python/gem5/resources/client_api/client_query.py -> RISCV/python/gem5/resources/client_api/client_query.py.cc
 [     CXX] RISCV/python/gem5/resources/client_api/client_query.py.cc -> .pyo
 [EMBED PY] src/python/gem5/gem5_default_config.py -> RISCV/python/gem5/gem5_default_config.py.cc
 [     CXX] RISCV/python/gem5/gem5_default_config.py.cc -> .pyo
 [EMBED PY] src/python/gem5/utils/__init__.py -> RISCV/python/gem5/utils/__init__.py.cc
 [     CXX] RISCV/python/gem5/utils/__init__.py.cc -> .pyo
 [EMBED PY] src/python/gem5/utils/filelock.py -> RISCV/python/gem5/utils/filelock.py.cc
 [     CXX] RISCV/python/gem5/utils/filelock.py.cc -> .pyo
 [EMBED PY] src/python/gem5/utils/override.py -> RISCV/python/gem5/utils/override.py.cc
 [     CXX] RISCV/python/gem5/utils/override.py.cc -> .pyo
 [EMBED PY] src/python/gem5/utils/progress_bar.py -> RISCV/python/gem5/utils/progress_bar.py.cc
 [     CXX] RISCV/python/gem5/utils/progress_bar.py.cc -> .pyo
 [EMBED PY] src/python/gem5/utils/requires.py -> RISCV/python/gem5/utils/requires.py.cc
 [     CXX] RISCV/python/gem5/utils/requires.py.cc -> .pyo
 [EMBED PY] src/python/gem5/utils/socks_ssl_context.py -> RISCV/python/gem5/utils/socks_ssl_context.py.cc
 [     CXX] RISCV/python/gem5/utils/socks_ssl_context.py.cc -> .pyo
 [EMBED PY] src/python/gem5/utils/multisim/__init__.py -> RISCV/python/gem5/utils/multisim/__init__.py.cc
 [     CXX] RISCV/python/gem5/utils/multisim/__init__.py.cc -> .pyo
 [EMBED PY] src/python/gem5/utils/multisim/multisim.py -> RISCV/python/gem5/utils/multisim/multisim.py.cc
 [     CXX] RISCV/python/gem5/utils/multisim/multisim.py.cc -> .pyo
 [EMBED PY] src/python/gem5/utils/multisim/__main__.py -> RISCV/python/gem5/utils/multisim/__main__.py.cc
 [     CXX] RISCV/python/gem5/utils/multisim/__main__.py.cc -> .pyo
 [EMBED PY] src/python/gem5/utils/multiprocessing/__init__.py -> RISCV/python/gem5/utils/multiprocessing/__init__.py.cc
 [     CXX] RISCV/python/gem5/utils/multiprocessing/__init__.py.cc -> .pyo
 [EMBED PY] src/python/gem5/utils/multiprocessing/_command_line.py -> RISCV/python/gem5/utils/multiprocessing/_command_line.py.cc
 [     CXX] RISCV/python/gem5/utils/multiprocessing/_command_line.py.cc -> .pyo
 [EMBED PY] src/python/gem5/utils/multiprocessing/context.py -> RISCV/python/gem5/utils/multiprocessing/context.py.cc
 [     CXX] RISCV/python/gem5/utils/multiprocessing/context.py.cc -> .pyo
 [EMBED PY] src/python/gem5/utils/multiprocessing/popen_spawn_gem5.py -> RISCV/python/gem5/utils/multiprocessing/popen_spawn_gem5.py.cc
 [     CXX] RISCV/python/gem5/utils/multiprocessing/popen_spawn_gem5.py.cc -> .pyo
 [EMBED PY] src/python/importer.py -> RISCV/python/importer.py.cc
 [     CXX] RISCV/python/importer.py.cc -> .pyo
 [EMBED PY] src/python/m5/__init__.py -> RISCV/python/m5/__init__.py.cc
 [     CXX] RISCV/python/m5/__init__.py.cc -> .pyo
 [EMBED PY] src/python/m5/SimObject.py -> RISCV/python/m5/SimObject.py.cc
 [     CXX] RISCV/python/m5/SimObject.py.cc -> .pyo
 [EMBED PY] src/python/m5/citations.py -> RISCV/python/m5/citations.py.cc
 [     CXX] RISCV/python/m5/citations.py.cc -> .pyo
 [EMBED PY] src/python/m5/core.py -> RISCV/python/m5/core.py.cc
 [     CXX] RISCV/python/m5/core.py.cc -> .pyo
 [EMBED PY] src/python/m5/debug.py -> RISCV/python/m5/debug.py.cc
 [     CXX] RISCV/python/m5/debug.py.cc -> .pyo
 [EMBED PY] src/python/m5/event.py -> RISCV/python/m5/event.py.cc
 [     CXX] RISCV/python/m5/event.py.cc -> .pyo
 [EMBED PY] src/python/m5/main.py -> RISCV/python/m5/main.py.cc
 [     CXX] RISCV/python/m5/main.py.cc -> .pyo
 [EMBED PY] src/python/m5/options.py -> RISCV/python/m5/options.py.cc
 [     CXX] RISCV/python/m5/options.py.cc -> .pyo
 [EMBED PY] src/python/m5/proxy.py -> RISCV/python/m5/proxy.py.cc
 [     CXX] RISCV/python/m5/proxy.py.cc -> .pyo
 [EMBED PY] src/python/m5/simulate.py -> RISCV/python/m5/simulate.py.cc
 [     CXX] RISCV/python/m5/simulate.py.cc -> .pyo
 [EMBED PY] src/python/m5/ticks.py -> RISCV/python/m5/ticks.py.cc
 [     CXX] RISCV/python/m5/ticks.py.cc -> .pyo
 [EMBED PY] src/python/m5/trace.py -> RISCV/python/m5/trace.py.cc
 [     CXX] RISCV/python/m5/trace.py.cc -> .pyo
 [EMBED PY] src/python/m5/objects/__init__.py -> RISCV/python/m5/objects/__init__.py.cc
 [     CXX] RISCV/python/m5/objects/__init__.py.cc -> .pyo
 [EMBED PY] src/python/m5/params/__init__.py -> RISCV/python/m5/params/__init__.py.cc
 [     CXX] RISCV/python/m5/params/__init__.py.cc -> .pyo
 [EMBED PY] src/python/m5/params/base_params.py -> RISCV/python/m5/params/base_params.py.cc
 [     CXX] RISCV/python/m5/params/base_params.py.cc -> .pyo
 [EMBED PY] src/python/m5/params/deprecated_params.py -> RISCV/python/m5/params/deprecated_params.py.cc
 [     CXX] RISCV/python/m5/params/deprecated_params.py.cc -> .pyo
 [EMBED PY] src/python/m5/params/enum_params.py -> RISCV/python/m5/params/enum_params.py.cc
 [     CXX] RISCV/python/m5/params/enum_params.py.cc -> .pyo
 [EMBED PY] src/python/m5/params/network_params.py -> RISCV/python/m5/params/network_params.py.cc
 [     CXX] RISCV/python/m5/params/network_params.py.cc -> .pyo
 [EMBED PY] src/python/m5/params/null_params.py -> RISCV/python/m5/params/null_params.py.cc
 [     CXX] RISCV/python/m5/params/null_params.py.cc -> .pyo
 [EMBED PY] src/python/m5/params/pin_params.py -> RISCV/python/m5/params/pin_params.py.cc
 [     CXX] RISCV/python/m5/params/pin_params.py.cc -> .pyo
 [EMBED PY] src/python/m5/params/param_types.py -> RISCV/python/m5/params/param_types.py.cc
 [     CXX] RISCV/python/m5/params/param_types.py.cc -> .pyo
 [EMBED PY] src/python/m5/params/port_params.py -> RISCV/python/m5/params/port_params.py.cc
 [     CXX] RISCV/python/m5/params/port_params.py.cc -> .pyo
 [EMBED PY] src/python/m5/params/power_params.py -> RISCV/python/m5/params/power_params.py.cc
 [     CXX] RISCV/python/m5/params/power_params.py.cc -> .pyo
 [EMBED PY] src/python/m5/params/time_params.py -> RISCV/python/m5/params/time_params.py.cc
 [     CXX] RISCV/python/m5/params/time_params.py.cc -> .pyo
 [EMBED PY] src/python/m5/stats/__init__.py -> RISCV/python/m5/stats/__init__.py.cc
 [     CXX] RISCV/python/m5/stats/__init__.py.cc -> .pyo
 [EMBED PY] src/python/m5/util/__init__.py -> RISCV/python/m5/util/__init__.py.cc
 [     CXX] RISCV/python/m5/util/__init__.py.cc -> .pyo
 [EMBED PY] src/python/m5/util/attrdict.py -> RISCV/python/m5/util/attrdict.py.cc
 [     CXX] RISCV/python/m5/util/attrdict.py.cc -> .pyo
 [EMBED PY] src/python/m5/util/convert.py -> RISCV/python/m5/util/convert.py.cc
 [     CXX] RISCV/python/m5/util/convert.py.cc -> .pyo
 [EMBED PY] src/python/m5/util/dot_writer.py -> RISCV/python/m5/util/dot_writer.py.cc
 [     CXX] RISCV/python/m5/util/dot_writer.py.cc -> .pyo
 [EMBED PY] src/python/m5/util/dot_writer_ruby.py -> RISCV/python/m5/util/dot_writer_ruby.py.cc
 [     CXX] RISCV/python/m5/util/dot_writer_ruby.py.cc -> .pyo
 [EMBED PY] src/python/m5/util/fdthelper.py -> RISCV/python/m5/util/fdthelper.py.cc
 [     CXX] RISCV/python/m5/util/fdthelper.py.cc -> .pyo
 [EMBED PY] src/python/m5/util/multidict.py -> RISCV/python/m5/util/multidict.py.cc
 [     CXX] RISCV/python/m5/util/multidict.py.cc -> .pyo
 [EMBED PY] src/python/m5/util/pybind.py -> RISCV/python/m5/util/pybind.py.cc
 [     CXX] RISCV/python/m5/util/pybind.py.cc -> .pyo
 [EMBED PY] src/python/m5/util/terminal.py -> RISCV/python/m5/util/terminal.py.cc
 [     CXX] RISCV/python/m5/util/terminal.py.cc -> .pyo
 [EMBED PY] src/python/m5/util/terminal_formatter.py -> RISCV/python/m5/util/terminal_formatter.py.cc
 [     CXX] RISCV/python/m5/util/terminal_formatter.py.cc -> .pyo
 [EMBED PY] src/python/m5/ext/__init__.py -> RISCV/python/m5/ext/__init__.py.cc
 [     CXX] RISCV/python/m5/ext/__init__.py.cc -> .pyo
 [EMBED PY] src/python/m5/ext/pyfdt/pyfdt.py -> RISCV/python/m5/ext/pyfdt/pyfdt.py.cc
 [     CXX] RISCV/python/m5/ext/pyfdt/pyfdt.py.cc -> .pyo
 [EMBED PY] src/python/m5/ext/pyfdt/__init__.py -> RISCV/python/m5/ext/pyfdt/__init__.py.cc
 [     CXX] RISCV/python/m5/ext/pyfdt/__init__.py.cc -> .pyo
 [EMBED PY] src/python/m5/ext/pystats/__init__.py -> RISCV/python/m5/ext/pystats/__init__.py.cc
 [     CXX] RISCV/python/m5/ext/pystats/__init__.py.cc -> .pyo
 [EMBED PY] src/python/m5/ext/pystats/serializable_stat.py -> RISCV/python/m5/ext/pystats/serializable_stat.py.cc
 [     CXX] RISCV/python/m5/ext/pystats/serializable_stat.py.cc -> .pyo
 [EMBED PY] src/python/m5/ext/pystats/abstract_stat.py -> RISCV/python/m5/ext/pystats/abstract_stat.py.cc
 [     CXX] RISCV/python/m5/ext/pystats/abstract_stat.py.cc -> .pyo
 [EMBED PY] src/python/m5/ext/pystats/group.py -> RISCV/python/m5/ext/pystats/group.py.cc
 [     CXX] RISCV/python/m5/ext/pystats/group.py.cc -> .pyo
 [EMBED PY] src/python/m5/ext/pystats/simstat.py -> RISCV/python/m5/ext/pystats/simstat.py.cc
 [     CXX] RISCV/python/m5/ext/pystats/simstat.py.cc -> .pyo
 [EMBED PY] src/python/m5/ext/pystats/statistic.py -> RISCV/python/m5/ext/pystats/statistic.py.cc
 [     CXX] RISCV/python/m5/ext/pystats/statistic.py.cc -> .pyo
 [EMBED PY] src/python/m5/ext/pystats/storagetype.py -> RISCV/python/m5/ext/pystats/storagetype.py.cc
 [     CXX] RISCV/python/m5/ext/pystats/storagetype.py.cc -> .pyo
 [EMBED PY] src/python/m5/ext/pystats/timeconversion.py -> RISCV/python/m5/ext/pystats/timeconversion.py.cc
 [     CXX] RISCV/python/m5/ext/pystats/timeconversion.py.cc -> .pyo
 [EMBED PY] src/python/m5/ext/pystats/jsonloader.py -> RISCV/python/m5/ext/pystats/jsonloader.py.cc
 [     CXX] RISCV/python/m5/ext/pystats/jsonloader.py.cc -> .pyo
 [EMBED PY] src/python/m5/stats/gem5stats.py -> RISCV/python/m5/stats/gem5stats.py.cc
 [     CXX] RISCV/python/m5/stats/gem5stats.py.cc -> .pyo
 [     CXX] src/python/embedded.cc -> RISCV/python/embedded.pyo
 [EMBED BLOB] src/python/importer.py, m5ImporterCode -> RISCV/python/m5ImporterCode.cc, RISCV/python/m5ImporterCode.hh
 [     CXX] src/python/importer.cc -> RISCV/python/importer.pyo
 [     CXX] RISCV/python/m5ImporterCode.cc -> .pyo
 [EMBED PY] src/python/m5/objects/SimObject.py -> RISCV/python/m5/objects/SimObject.py.cc
 [EMBED PY] src/systemc/Tlm.py -> RISCV/systemc/Tlm.py.cc
 [     CXX] RISCV/python/m5/objects/SimObject.py.cc -> .pyo
 [     CXX] RISCV/systemc/Tlm.py.cc -> .pyo
 [EMBED PY] src/systemc/python/systemc.py -> RISCV/systemc/python/systemc.py.cc
 [     CXX] RISCV/systemc/python/systemc.py.cc -> .pyo
 [EMBED PY] src/systemc/python/tlm.py -> RISCV/systemc/python/tlm.py.cc
 [     CXX] RISCV/systemc/python/tlm.py.cc -> .pyo
 [EMBED PY] src/systemc/tlm_bridge/TlmBridge.py -> RISCV/systemc/tlm_bridge/TlmBridge.py.cc
 [EMBED PY] src/systemc/core/SystemC.py -> RISCV/systemc/core/SystemC.py.cc
 [     CXX] RISCV/systemc/tlm_bridge/TlmBridge.py.cc -> .pyo
 [     CXX] RISCV/systemc/core/SystemC.py.cc -> .pyo
 [EMBED PY] src/arch/generic/BaseSemihosting.py -> RISCV/arch/generic/BaseSemihosting.py.cc
 [EMBED PY] src/arch/generic/BaseInterrupts.py -> RISCV/arch/generic/BaseInterrupts.py.cc
 [     CXX] RISCV/arch/generic/BaseSemihosting.py.cc -> .pyo
 [     CXX] RISCV/arch/generic/BaseInterrupts.py.cc -> .pyo
 [EMBED PY] src/arch/generic/BaseISA.py -> RISCV/arch/generic/BaseISA.py.cc
 [EMBED PY] src/arch/generic/BaseMMU.py -> RISCV/arch/generic/BaseMMU.py.cc
 [     CXX] RISCV/arch/generic/BaseISA.py.cc -> .pyo
 [     CXX] RISCV/arch/generic/BaseMMU.py.cc -> .pyo
 [EMBED PY] src/arch/generic/BaseTLB.py -> RISCV/arch/generic/BaseTLB.py.cc
 [EMBED PY] src/arch/generic/InstDecoder.py -> RISCV/arch/generic/InstDecoder.py.cc
 [     CXX] RISCV/arch/generic/BaseTLB.py.cc -> .pyo
 [     CXX] RISCV/arch/generic/InstDecoder.py.cc -> .pyo
 [EMBED PY] src/arch/riscv/PMAChecker.py -> RISCV/arch/riscv/PMAChecker.py.cc
 [EMBED PY] src/arch/riscv/PMP.py -> RISCV/arch/riscv/PMP.py.cc
 [     CXX] RISCV/arch/riscv/PMAChecker.py.cc -> .pyo
 [     CXX] RISCV/arch/riscv/PMP.py.cc -> .pyo
 [EMBED PY] src/arch/riscv/RiscvDecoder.py -> RISCV/arch/riscv/RiscvDecoder.py.cc
 [EMBED PY] src/arch/riscv/RiscvFsWorkload.py -> RISCV/arch/riscv/RiscvFsWorkload.py.cc
 [     CXX] RISCV/arch/riscv/RiscvDecoder.py.cc -> .pyo
 [     CXX] RISCV/arch/riscv/RiscvFsWorkload.py.cc -> .pyo
 [EMBED PY] src/arch/riscv/RiscvInterrupts.py -> RISCV/arch/riscv/RiscvInterrupts.py.cc
 [EMBED PY] src/arch/riscv/RiscvISA.py -> RISCV/arch/riscv/RiscvISA.py.cc
 [     CXX] RISCV/arch/riscv/RiscvInterrupts.py.cc -> .pyo
 [     CXX] RISCV/arch/riscv/RiscvISA.py.cc -> .pyo
 [EMBED PY] src/arch/riscv/RiscvMMU.py -> RISCV/arch/riscv/RiscvMMU.py.cc
 [EMBED PY] src/arch/riscv/RiscvSemihosting.py -> RISCV/arch/riscv/RiscvSemihosting.py.cc
 [     CXX] RISCV/arch/riscv/RiscvMMU.py.cc -> .pyo
 [     CXX] RISCV/arch/riscv/RiscvSemihosting.py.cc -> .pyo
 [EMBED PY] src/arch/riscv/RiscvSeWorkload.py -> RISCV/arch/riscv/RiscvSeWorkload.py.cc
 [EMBED PY] src/arch/riscv/RiscvTLB.py -> RISCV/arch/riscv/RiscvTLB.py.cc
 [     CXX] RISCV/arch/riscv/RiscvSeWorkload.py.cc -> .pyo
 [     CXX] RISCV/arch/riscv/RiscvTLB.py.cc -> .pyo
 [EMBED PY] src/arch/riscv/RiscvCPU.py -> RISCV/arch/riscv/RiscvCPU.py.cc
 [EMBED PY] src/arch/riscv/RiscvSystem.py -> RISCV/arch/riscv/RiscvSystem.py.cc
 [     CXX] RISCV/arch/riscv/RiscvCPU.py.cc -> .pyo
 [     CXX] RISCV/arch/riscv/RiscvSystem.py.cc -> .pyo
 [EMBED PY] src/sst/OutgoingRequestBridge.py -> RISCV/sst/OutgoingRequestBridge.py.cc
 [EMBED PY] src/mem/CommMonitor.py -> RISCV/mem/CommMonitor.py.cc
 [     CXX] RISCV/sst/OutgoingRequestBridge.py.cc -> .pyo
 [     CXX] RISCV/mem/CommMonitor.py.cc -> .pyo
 [EMBED PY] src/mem/AbstractMemory.py -> RISCV/mem/AbstractMemory.py.cc
 [EMBED PY] src/mem/AddrMapper.py -> RISCV/mem/AddrMapper.py.cc
 [     CXX] RISCV/mem/AbstractMemory.py.cc -> .pyo
 [     CXX] RISCV/mem/AddrMapper.py.cc -> .pyo
 [EMBED PY] src/mem/Bridge.py -> RISCV/mem/Bridge.py.cc
 [EMBED PY] src/mem/SysBridge.py -> RISCV/mem/SysBridge.py.cc
 [     CXX] RISCV/mem/Bridge.py.cc -> .pyo
 [     CXX] RISCV/mem/SysBridge.py.cc -> .pyo
 [EMBED PY] src/mem/MemCtrl.py -> RISCV/mem/MemCtrl.py.cc
 [EMBED PY] src/mem/HeteroMemCtrl.py -> RISCV/mem/HeteroMemCtrl.py.cc
 [     CXX] RISCV/mem/MemCtrl.py.cc -> .pyo
 [     CXX] RISCV/mem/HeteroMemCtrl.py.cc -> .pyo
 [EMBED PY] src/mem/HBMCtrl.py -> RISCV/mem/HBMCtrl.py.cc
 [     CXX] RISCV/mem/HBMCtrl.py.cc -> .pyo
 [EMBED PY] src/mem/MemInterface.py -> RISCV/mem/MemInterface.py.cc
 [     CXX] RISCV/mem/MemInterface.py.cc -> .pyo
 [EMBED PY] src/mem/DRAMInterface.py -> RISCV/mem/DRAMInterface.py.cc
 [     CXX] RISCV/mem/DRAMInterface.py.cc -> .pyo
 [EMBED PY] src/mem/NVMInterface.py -> RISCV/mem/NVMInterface.py.cc
 [     CXX] RISCV/mem/NVMInterface.py.cc -> .pyo
 [EMBED PY] src/mem/ExternalMaster.py -> RISCV/mem/ExternalMaster.py.cc
 [     CXX] RISCV/mem/ExternalMaster.py.cc -> .pyo
 [EMBED PY] src/mem/ExternalSlave.py -> RISCV/mem/ExternalSlave.py.cc
 [     CXX] RISCV/mem/ExternalSlave.py.cc -> .pyo
 [EMBED PY] src/mem/CfiMemory.py -> RISCV/mem/CfiMemory.py.cc
 [     CXX] RISCV/mem/CfiMemory.py.cc -> .pyo
 [EMBED PY] src/mem/SharedMemoryServer.py -> RISCV/mem/SharedMemoryServer.py.cc
 [     CXX] RISCV/mem/SharedMemoryServer.py.cc -> .pyo
 [EMBED PY] src/mem/SimpleMemory.py -> RISCV/mem/SimpleMemory.py.cc
 [     CXX] RISCV/mem/SimpleMemory.py.cc -> .pyo
 [EMBED PY] src/mem/XBar.py -> RISCV/mem/XBar.py.cc
 [     CXX] RISCV/mem/XBar.py.cc -> .pyo
 [EMBED PY] src/mem/HMCController.py -> RISCV/mem/HMCController.py.cc
 [     CXX] RISCV/mem/HMCController.py.cc -> .pyo
 [EMBED PY] src/mem/SerialLink.py -> RISCV/mem/SerialLink.py.cc
 [     CXX] RISCV/mem/SerialLink.py.cc -> .pyo
 [EMBED PY] src/mem/MemDelay.py -> RISCV/mem/MemDelay.py.cc
 [     CXX] RISCV/mem/MemDelay.py.cc -> .pyo
 [EMBED PY] src/mem/PortTerminator.py -> RISCV/mem/PortTerminator.py.cc
 [     CXX] RISCV/mem/PortTerminator.py.cc -> .pyo
 [EMBED PY] src/mem/ThreadBridge.py -> RISCV/mem/ThreadBridge.py.cc
 [     CXX] RISCV/mem/ThreadBridge.py.cc -> .pyo
 [EMBED PY] src/mem/MemChecker.py -> RISCV/mem/MemChecker.py.cc
 [     CXX] RISCV/mem/MemChecker.py.cc -> .pyo
 [EMBED PY] src/mem/probes/BaseMemProbe.py -> RISCV/mem/probes/BaseMemProbe.py.cc
 [EMBED PY] src/mem/probes/StackDistProbe.py -> RISCV/mem/probes/StackDistProbe.py.cc
 [     CXX] RISCV/mem/probes/BaseMemProbe.py.cc -> .pyo
 [     CXX] RISCV/mem/probes/StackDistProbe.py.cc -> .pyo
 [EMBED PY] src/mem/probes/MemFootprintProbe.py -> RISCV/mem/probes/MemFootprintProbe.py.cc
 [EMBED PY] src/mem/probes/MemTraceProbe.py -> RISCV/mem/probes/MemTraceProbe.py.cc
 [     CXX] RISCV/mem/probes/MemFootprintProbe.py.cc -> .pyo
 [     CXX] RISCV/mem/probes/MemTraceProbe.py.cc -> .pyo
 [   SLICC] src/mem/ruby/protocol/MI_example.slicc -> RISCV/mem/ruby/protocol/SequencerRequestType.hh, RISCV/mem/ruby/protocol/LockStatus.hh, RISCV/mem/ruby/protocol/MI_example/DMAResponseMsg.hh, RISCV/mem/ruby/protocol/MessageSizeType.hh, RISCV/mem/ruby/protocol/MI_example/DMA_TBE.hh, RISCV/mem/ruby/protocol/SeriesRequestGeneratorStatus.cc, RISCV/mem/ruby/protocol/HtmFailedInCacheReason.hh, RISCV/mem/ruby/protocol/MaskPredictorIndex.cc, RISCV/mem/ruby/protocol/MI_example/Directory_Wakeup.cc, RISCV/mem/ruby/protocol/MI_example/L1Cache_Transitions.cc, RISCV/mem/ruby/protocol/SequencerStatus.cc, RISCV/mem/ruby/protocol/PrefetchBit.cc, RISCV/mem/ruby/protocol/MI_example/DMA_Transitions.cc, RISCV/mem/ruby/protocol/SeriesRequestGeneratorStatus.hh, RISCV/mem/ruby/protocol/MI_example/DMA_Event.cc, RISCV/mem/ruby/protocol/HtmFailedInCacheReason.cc, RISCV/mem/ruby/protocol/MaskPredictorIndex.hh, RISCV/mem/ruby/protocol/MI_example/L1Cache_Controller.cc, RISCV/mem/ruby/protocol/MI_example/L1Cache_Wakeup.cc, RISCV/mem/ruby/protocol/CacheResourceType.cc, RISCV/mem/ruby/protocol/MI_example/DMA_Controller.cc, RISCV/mem/ruby/protocol/TesterStatus.hh, RISCV/mem/ruby/protocol/LinkDirection.cc, RISCV/mem/ruby/protocol/MI_example/DMA_Wakeup.cc, RISCV/mem/ruby/protocol/MaskPredictorTraining.cc, RISCV/mem/ruby/protocol/MI_example/L1Cache_Controller.hh, RISCV/mem/ruby/protocol/MI_example/MI_example_DMA_Controller.py, RISCV/mem/ruby/protocol/DirectoryRequestType.cc, RISCV/mem/ruby/protocol/LinkDirection.hh, RISCV/mem/ruby/protocol/MI_example/CoherenceRequestType.hh, RISCV/mem/ruby/protocol/MI_example/Directory_Controller.cc, RISCV/mem/ruby/protocol/PrefetchBit.hh, RISCV/mem/ruby/protocol/MaskPredictorTraining.hh, RISCV/mem/ruby/protocol/MI_example/L1Cache_Entry.cc, RISCV/mem/ruby/protocol/MI_example/MI_example_Directory_Controller.py, RISCV/mem/ruby/protocol/CacheResourceType.hh, RISCV/mem/ruby/protocol/CacheRequestType.cc, RISCV/mem/ruby/protocol/MI_example/Directory_Controller.hh, RISCV/mem/ruby/protocol/InvalidateGeneratorStatus.hh, RISCV/mem/ruby/protocol/RequestStatus.cc, RISCV/mem/ruby/protocol/LockStatus.cc, RISCV/mem/ruby/protocol/MaskPredictorType.cc, RISCV/mem/ruby/protocol/DMASequencerRequestType.cc, RISCV/mem/ruby/protocol/MI_example/L1Cache_Entry.hh, RISCV/mem/ruby/protocol/MI_example/MI_example_L1Cache_Controller.py, RISCV/mem/ruby/protocol/CacheRequestType.hh, RISCV/mem/ruby/protocol/MI_example/CoherenceRequestType.cc, RISCV/mem/ruby/protocol/MI_example/Directory_Entry.cc, RISCV/mem/ruby/protocol/DirectoryRequestType.hh, RISCV/mem/ruby/protocol/RequestStatus.hh, RISCV/mem/ruby/protocol/MaskPredictorType.hh, RISCV/mem/ruby/protocol/MI_example/DMARequestType.hh, RISCV/mem/ruby/protocol/HtmCallbackMode.hh, RISCV/mem/ruby/protocol/MI_example/L1Cache_Event.cc, RISCV/mem/ruby/protocol/MI_example/RequestMsg.cc, RISCV/mem/ruby/protocol/MI_example/DMARequestType.cc, RISCV/mem/ruby/protocol/HtmCallbackMode.cc, RISCV/mem/ruby/protocol/MI_example/Directory_Entry.hh, RISCV/mem/ruby/protocol/RubyAccessMode.cc, RISCV/mem/ruby/protocol/MemoryControlRequestType.cc, RISCV/mem/ruby/protocol/MI_example/L1Cache_Event.hh, RISCV/mem/ruby/protocol/MI_example/RequestMsg.hh, RISCV/mem/ruby/protocol/MI_example/DMARequestMsg.cc, RISCV/mem/ruby/protocol/MI_example/DMARequestMsg.hh, RISCV/mem/ruby/protocol/MI_example/CoherenceResponseType.cc, RISCV/mem/ruby/protocol/MI_example/Directory_Event.cc, RISCV/mem/ruby/protocol/DMASequencerRequestType.hh, RISCV/mem/ruby/protocol/TesterStatus.cc, RISCV/mem/ruby/protocol/AccessType.hh, RISCV/mem/ruby/protocol/MemoryControlRequestType.hh, RISCV/mem/ruby/protocol/RubyAccessMode.hh, RISCV/mem/ruby/protocol/MI_example/L1Cache_State.cc, RISCV/mem/ruby/protocol/MI_example/ResponseMsg.cc, RISCV/mem/ruby/protocol/MI_example/Directory_Event.hh, RISCV/mem/ruby/protocol/MI_example/CoherenceResponseType.hh, RISCV/mem/ruby/protocol/AccessPermission.hh, RISCV/mem/ruby/protocol/RubyRequestType.cc, RISCV/mem/ruby/protocol/MemoryMsg.cc, RISCV/mem/ruby/protocol/MI_example/ResponseMsg.hh, RISCV/mem/ruby/protocol/MI_example/DMA_Controller.hh, RISCV/mem/ruby/protocol/MI_example/Directory_State.cc, RISCV/mem/ruby/protocol/RubyRequestType.hh, RISCV/mem/ruby/protocol/MemoryMsg.hh, RISCV/mem/ruby/protocol/AccessType.cc, RISCV/mem/ruby/protocol/MI_example/DMA_Event.hh, RISCV/mem/ruby/protocol/MI_example/Types.hh, RISCV/mem/ruby/protocol/InvalidateGeneratorStatus.cc, RISCV/mem/ruby/protocol/TransitionResult.cc, RISCV/mem/ruby/protocol/MI_example/Directory_State.hh, RISCV/mem/ruby/protocol/SequencerMsg.cc, RISCV/mem/ruby/protocol/MemoryRequestType.cc, RISCV/mem/ruby/protocol/MI_example/DMA_State.cc, RISCV/mem/ruby/protocol/MachineType.cc, RISCV/mem/ruby/protocol/MI_example/DMAResponseType.hh, RISCV/mem/ruby/protocol/MI_example/DMAResponseMsg.cc, RISCV/mem/ruby/protocol/TransitionResult.hh, RISCV/mem/ruby/protocol/MI_example/Directory_TBE.cc, RISCV/mem/ruby/protocol/MI_example/L1Cache_State.hh, RISCV/mem/ruby/protocol/SequencerMsg.hh, RISCV/mem/ruby/protocol/MemoryRequestType.hh, RISCV/mem/ruby/protocol/MI_example/DMA_State.hh, RISCV/mem/ruby/protocol/SequencerStatus.hh, RISCV/mem/ruby/protocol/AccessPermission.cc, RISCV/mem/ruby/protocol/MI_example/DMAResponseType.cc, RISCV/mem/ruby/protocol/MI_example/MI_exampleProtocolInfo.hh, RISCV/mem/ruby/protocol/MI_example/Directory_TBE.hh, RISCV/mem/ruby/protocol/MI_example/L1Cache_TBE.cc, RISCV/mem/ruby/protocol/SequencerRequestType.cc, RISCV/mem/ruby/protocol/MessageSizeType.cc, RISCV/mem/ruby/protocol/MI_example/DMA_TBE.cc, RISCV/mem/ruby/protocol/MachineType.hh, RISCV/mem/ruby/protocol/MI_example/Directory_Transitions.cc, RISCV/mem/ruby/protocol/MI_example/L1Cache_TBE.hh
 [EMBED PY] src/mem/ruby/system/RubySystem.py -> RISCV/mem/ruby/system/RubySystem.py.cc
 [     CXX] RISCV/mem/ruby/system/RubySystem.py.cc -> .pyo
 [EMBED PY] RISCV/mem/ruby/protocol/MI_example/MI_example_L1Cache_Controller.py -> .cc
 [     CXX] RISCV/mem/ruby/protocol/MI_example/MI_example_L1Cache_Controller.py.cc -> .pyo
 [EMBED PY] RISCV/mem/ruby/protocol/MI_example/MI_example_Directory_Controller.py -> .cc
 [     CXX] RISCV/mem/ruby/protocol/MI_example/MI_example_Directory_Controller.py.cc -> .pyo
 [EMBED PY] RISCV/mem/ruby/protocol/MI_example/MI_example_DMA_Controller.py -> .cc
 [     CXX] RISCV/mem/ruby/protocol/MI_example/MI_example_DMA_Controller.py.cc -> .pyo
 [EMBED PY] src/mem/ruby/system/Sequencer.py -> RISCV/mem/ruby/system/Sequencer.py.cc
 [     CXX] RISCV/mem/ruby/system/Sequencer.py.cc -> .pyo
 [EMBED PY] src/mem/ruby/slicc_interface/Controller.py -> RISCV/mem/ruby/slicc_interface/Controller.py.cc
 [     CXX] RISCV/mem/ruby/slicc_interface/Controller.py.cc -> .pyo
 [EMBED PY] src/mem/ruby/network/BasicLink.py -> RISCV/mem/ruby/network/BasicLink.py.cc
 [     CXX] RISCV/mem/ruby/network/BasicLink.py.cc -> .pyo
 [EMBED PY] src/mem/ruby/network/BasicRouter.py -> RISCV/mem/ruby/network/BasicRouter.py.cc
 [     CXX] RISCV/mem/ruby/network/BasicRouter.py.cc -> .pyo
 [EMBED PY] src/mem/ruby/network/MessageBuffer.py -> RISCV/mem/ruby/network/MessageBuffer.py.cc
 [     CXX] RISCV/mem/ruby/network/MessageBuffer.py.cc -> .pyo
 [EMBED PY] src/mem/ruby/network/Network.py -> RISCV/mem/ruby/network/Network.py.cc
 [     CXX] RISCV/mem/ruby/network/Network.py.cc -> .pyo
 [EMBED PY] src/mem/ruby/network/simple/SimpleLink.py -> RISCV/mem/ruby/network/simple/SimpleLink.py.cc
 [     CXX] RISCV/mem/ruby/network/simple/SimpleLink.py.cc -> .pyo
 [EMBED PY] src/mem/ruby/network/simple/SimpleNetwork.py -> RISCV/mem/ruby/network/simple/SimpleNetwork.py.cc
 [     CXX] RISCV/mem/ruby/network/simple/SimpleNetwork.py.cc -> .pyo
 [EMBED PY] src/mem/ruby/network/fault_model/FaultModel.py -> RISCV/mem/ruby/network/fault_model/FaultModel.py.cc
 [     CXX] RISCV/mem/ruby/network/fault_model/FaultModel.py.cc -> .pyo
 [EMBED PY] src/mem/ruby/network/garnet/GarnetLink.py -> RISCV/mem/ruby/network/garnet/GarnetLink.py.cc
 [     CXX] RISCV/mem/ruby/network/garnet/GarnetLink.py.cc -> .pyo
 [EMBED PY] src/mem/ruby/network/garnet/GarnetNetwork.py -> RISCV/mem/ruby/network/garnet/GarnetNetwork.py.cc
 [     CXX] RISCV/mem/ruby/network/garnet/GarnetNetwork.py.cc -> .pyo
 [EMBED PY] src/mem/ruby/structures/RubyCache.py -> RISCV/mem/ruby/structures/RubyCache.py.cc
 [     CXX] RISCV/mem/ruby/structures/RubyCache.py.cc -> .pyo
 [EMBED PY] src/mem/ruby/structures/DirectoryMemory.py -> RISCV/mem/ruby/structures/DirectoryMemory.py.cc
 [     CXX] RISCV/mem/ruby/structures/DirectoryMemory.py.cc -> .pyo
 [EMBED PY] src/mem/ruby/structures/RubyPrefetcher.py -> RISCV/mem/ruby/structures/RubyPrefetcher.py.cc
 [     CXX] RISCV/mem/ruby/structures/RubyPrefetcher.py.cc -> .pyo
 [EMBED PY] src/mem/ruby/structures/WireBuffer.py -> RISCV/mem/ruby/structures/WireBuffer.py.cc
 [     CXX] RISCV/mem/ruby/structures/WireBuffer.py.cc -> .pyo
 [EMBED PY] src/mem/qos/QoSMemCtrl.py -> RISCV/mem/qos/QoSMemCtrl.py.cc
 [     CXX] RISCV/mem/qos/QoSMemCtrl.py.cc -> .pyo
 [EMBED PY] src/mem/qos/QoSMemSinkCtrl.py -> RISCV/mem/qos/QoSMemSinkCtrl.py.cc
 [     CXX] RISCV/mem/qos/QoSMemSinkCtrl.py.cc -> .pyo
 [EMBED PY] src/mem/qos/QoSMemSinkInterface.py -> RISCV/mem/qos/QoSMemSinkInterface.py.cc
 [     CXX] RISCV/mem/qos/QoSMemSinkInterface.py.cc -> .pyo
 [EMBED PY] src/mem/qos/QoSPolicy.py -> RISCV/mem/qos/QoSPolicy.py.cc
 [     CXX] RISCV/mem/qos/QoSPolicy.py.cc -> .pyo
 [EMBED PY] src/mem/qos/QoSTurnaround.py -> RISCV/mem/qos/QoSTurnaround.py.cc
 [     CXX] RISCV/mem/qos/QoSTurnaround.py.cc -> .pyo
 [EMBED PY] src/mem/cache/Cache.py -> RISCV/mem/cache/Cache.py.cc
 [     CXX] RISCV/mem/cache/Cache.py.cc -> .pyo
 [EMBED PY] src/mem/cache/prefetch/Prefetcher.py -> RISCV/mem/cache/prefetch/Prefetcher.py.cc
 [     CXX] RISCV/mem/cache/prefetch/Prefetcher.py.cc -> .pyo
 [EMBED PY] src/mem/cache/replacement_policies/ReplacementPolicies.py -> RISCV/mem/cache/replacement_policies/ReplacementPolicies.py.cc
 [     CXX] RISCV/mem/cache/replacement_policies/ReplacementPolicies.py.cc -> .pyo
 [EMBED PY] src/mem/cache/compressors/Compressors.py -> RISCV/mem/cache/compressors/Compressors.py.cc
 [     CXX] RISCV/mem/cache/compressors/Compressors.py.cc -> .pyo
 [EMBED PY] src/mem/cache/tags/Tags.py -> RISCV/mem/cache/tags/Tags.py.cc
 [     CXX] RISCV/mem/cache/tags/Tags.py.cc -> .pyo
 [EMBED PY] src/mem/cache/tags/partitioning_policies/PartitioningPolicies.py -> RISCV/mem/cache/tags/partitioning_policies/PartitioningPolicies.py.cc
 [     CXX] RISCV/mem/cache/tags/partitioning_policies/PartitioningPolicies.py.cc -> .pyo
 [EMBED PY] src/mem/cache/tags/indexing_policies/IndexingPolicies.py -> RISCV/mem/cache/tags/indexing_policies/IndexingPolicies.py.cc
 [     CXX] RISCV/mem/cache/tags/indexing_policies/IndexingPolicies.py.cc -> .pyo
 [EMBED PY] src/dev/Device.py -> RISCV/dev/Device.py.cc
 [     CXX] RISCV/dev/Device.py.cc -> .pyo
 [EMBED PY] src/dev/Platform.py -> RISCV/dev/Platform.py.cc
 [     CXX] RISCV/dev/Platform.py.cc -> .pyo
 [EMBED PY] src/dev/BadDevice.py -> RISCV/dev/BadDevice.py.cc
 [     CXX] RISCV/dev/BadDevice.py.cc -> .pyo
 [EMBED PY] src/dev/serial/Serial.py -> RISCV/dev/serial/Serial.py.cc
 [     CXX] RISCV/dev/serial/Serial.py.cc -> .pyo
 [EMBED PY] src/dev/serial/Terminal.py -> RISCV/dev/serial/Terminal.py.cc
 [     CXX] RISCV/dev/serial/Terminal.py.cc -> .pyo
 [EMBED PY] src/dev/serial/Uart.py -> RISCV/dev/serial/Uart.py.cc
 [     CXX] RISCV/dev/serial/Uart.py.cc -> .pyo
 [EMBED PY] src/dev/storage/Ide.py -> RISCV/dev/storage/Ide.py.cc
 [     CXX] RISCV/dev/storage/Ide.py.cc -> .pyo
 [EMBED PY] src/dev/storage/DiskImage.py -> RISCV/dev/storage/DiskImage.py.cc
 [     CXX] RISCV/dev/storage/DiskImage.py.cc -> .pyo
 [EMBED PY] src/dev/storage/SimpleDisk.py -> RISCV/dev/storage/SimpleDisk.py.cc
 [     CXX] RISCV/dev/storage/SimpleDisk.py.cc -> .pyo
 [EMBED PY] src/dev/i2c/I2C.py -> RISCV/dev/i2c/I2C.py.cc
 [     CXX] RISCV/dev/i2c/I2C.py.cc -> .pyo
 [EMBED PY] src/dev/ps2/PS2.py -> RISCV/dev/ps2/PS2.py.cc
 [     CXX] RISCV/dev/ps2/PS2.py.cc -> .pyo
 [EMBED PY] src/dev/virtio/VirtIO.py -> RISCV/dev/virtio/VirtIO.py.cc
 [     CXX] RISCV/dev/virtio/VirtIO.py.cc -> .pyo
 [EMBED PY] src/dev/virtio/VirtIOConsole.py -> RISCV/dev/virtio/VirtIOConsole.py.cc
 [     CXX] RISCV/dev/virtio/VirtIOConsole.py.cc -> .pyo
 [EMBED PY] src/dev/virtio/VirtIOBlock.py -> RISCV/dev/virtio/VirtIOBlock.py.cc
 [     CXX] RISCV/dev/virtio/VirtIOBlock.py.cc -> .pyo
 [EMBED PY] src/dev/virtio/VirtIORng.py -> RISCV/dev/virtio/VirtIORng.py.cc
 [     CXX] RISCV/dev/virtio/VirtIORng.py.cc -> .pyo
 [EMBED PY] src/dev/virtio/VirtIO9P.py -> RISCV/dev/virtio/VirtIO9P.py.cc
 [     CXX] RISCV/dev/virtio/VirtIO9P.py.cc -> .pyo
 [EMBED PY] src/dev/qemu/QemuFwCfg.py -> RISCV/dev/qemu/QemuFwCfg.py.cc
 [     CXX] RISCV/dev/qemu/QemuFwCfg.py.cc -> .pyo
 [EMBED PY] src/dev/net/Ethernet.py -> RISCV/dev/net/Ethernet.py.cc
 [     CXX] RISCV/dev/net/Ethernet.py.cc -> .pyo
 [EMBED PY] src/dev/lupio/LupioBLK.py -> RISCV/dev/lupio/LupioBLK.py.cc
 [     CXX] RISCV/dev/lupio/LupioBLK.py.cc -> .pyo
 [EMBED PY] src/dev/lupio/LupioIPI.py -> RISCV/dev/lupio/LupioIPI.py.cc
 [     CXX] RISCV/dev/lupio/LupioIPI.py.cc -> .pyo
 [EMBED PY] src/dev/lupio/LupioPIC.py -> RISCV/dev/lupio/LupioPIC.py.cc
 [     CXX] RISCV/dev/lupio/LupioPIC.py.cc -> .pyo
 [EMBED PY] src/dev/lupio/LupioRNG.py -> RISCV/dev/lupio/LupioRNG.py.cc
 [     CXX] RISCV/dev/lupio/LupioRNG.py.cc -> .pyo
 [EMBED PY] src/dev/lupio/LupioRTC.py -> RISCV/dev/lupio/LupioRTC.py.cc
 [     CXX] RISCV/dev/lupio/LupioRTC.py.cc -> .pyo
 [EMBED PY] src/dev/lupio/LupioTMR.py -> RISCV/dev/lupio/LupioTMR.py.cc
 [     CXX] RISCV/dev/lupio/LupioTMR.py.cc -> .pyo
 [EMBED PY] src/dev/lupio/LupioTTY.py -> RISCV/dev/lupio/LupioTTY.py.cc
 [     CXX] RISCV/dev/lupio/LupioTTY.py.cc -> .pyo
 [EMBED PY] src/dev/lupio/LupioSYS.py -> RISCV/dev/lupio/LupioSYS.py.cc
 [     CXX] RISCV/dev/lupio/LupioSYS.py.cc -> .pyo
 [EMBED PY] src/dev/riscv/HiFive.py -> RISCV/dev/riscv/HiFive.py.cc
 [     CXX] RISCV/dev/riscv/HiFive.py.cc -> .pyo
 [EMBED PY] src/dev/riscv/LupV.py -> RISCV/dev/riscv/LupV.py.cc
 [     CXX] RISCV/dev/riscv/LupV.py.cc -> .pyo
 [EMBED PY] src/dev/riscv/Clint.py -> RISCV/dev/riscv/Clint.py.cc
 [     CXX] RISCV/dev/riscv/Clint.py.cc -> .pyo
 [EMBED PY] src/dev/riscv/PlicDevice.py -> RISCV/dev/riscv/PlicDevice.py.cc
 [     CXX] RISCV/dev/riscv/PlicDevice.py.cc -> .pyo
 [EMBED PY] src/dev/riscv/Plic.py -> RISCV/dev/riscv/Plic.py.cc
 [     CXX] RISCV/dev/riscv/Plic.py.cc -> .pyo
 [EMBED PY] src/dev/riscv/RTC.py -> RISCV/dev/riscv/RTC.py.cc
 [     CXX] RISCV/dev/riscv/RTC.py.cc -> .pyo
 [EMBED PY] src/dev/riscv/RiscvVirtIOMMIO.py -> RISCV/dev/riscv/RiscvVirtIOMMIO.py.cc
 [     CXX] RISCV/dev/riscv/RiscvVirtIOMMIO.py.cc -> .pyo
 [EMBED PY] src/dev/pci/PciDevice.py -> RISCV/dev/pci/PciDevice.py.cc
 [     CXX] RISCV/dev/pci/PciDevice.py.cc -> .pyo
 [EMBED PY] src/dev/pci/PciUpstream.py -> RISCV/dev/pci/PciUpstream.py.cc
 [     CXX] RISCV/dev/pci/PciUpstream.py.cc -> .pyo
 [EMBED PY] src/dev/pci/PciHost.py -> RISCV/dev/pci/PciHost.py.cc
 [     CXX] RISCV/dev/pci/PciHost.py.cc -> .pyo
 [EMBED PY] src/dev/pci/CopyEngine.py -> RISCV/dev/pci/CopyEngine.py.cc
 [     CXX] RISCV/dev/pci/CopyEngine.py.cc -> .pyo
 [ DEFINES]  -> RISCV/python/m5/defines.py
 [EMBED PY] RISCV/python/m5/defines.py -> .cc
 [     CXX] RISCV/python/m5/defines.py.cc -> .pyo
 [    INFO] COPYING, LICENSE, README.md -> RISCV/python/m5/info.py
 [EMBED PY] RISCV/python/m5/info.py -> .cc
 [     CXX] RISCV/python/m5/info.py.cc -> .pyo
 [     CXX] src/base/atomicio.cc -> RISCV/base/atomicio.o
 [     CXX] src/base/bitfield.cc -> RISCV/base/bitfield.o
 [    LINK]  -> RISCV/gem5py_m5
 [CONFIG H] HAVE_PNG, 1 -> RISCV/config/have_png.hh
 [     CXX] src/base/channel_addr.cc -> RISCV/base/channel_addr.o
 [     CXX] src/base/cprintf.cc -> RISCV/base/cprintf.o
 [     CXX] src/base/debug.cc -> RISCV/base/debug.o
 [CONFIG H] HAVE_FENV, 1 -> RISCV/config/have_fenv.hh
 [     CXX] src/base/fenv.cc -> RISCV/base/fenv.o
 [CONFIG H] HAVE_VALGRIND, 0 -> RISCV/config/have_valgrind.hh
 [     CXX] src/base/fiber.cc -> RISCV/base/fiber.o
 [     CXX] src/base/hostinfo.cc -> RISCV/base/hostinfo.o
 [ENUMDECL] m5.objects.Graphics, ImageFormat -> RISCV/enums/ImageFormat.hh
 [ENUMDECL] m5.objects.SimObject, ByteOrder -> RISCV/enums/ByteOrder.hh
 [     CXX] src/base/bmpwriter.cc -> RISCV/base/bmpwriter.o
 [     CXX] src/base/framebuffer.cc -> RISCV/base/framebuffer.o
 [     CXX] src/base/pngwriter.cc -> RISCV/base/pngwriter.o
 [     CXX] src/base/imgwriter.cc -> RISCV/base/imgwriter.o
 [ENUM STR] m5.objects.Graphics, ImageFormat -> RISCV/enums/ImageFormat.cc
 [     CXX] RISCV/enums/ImageFormat.cc -> .o
 [     CXX] src/base/inet.cc -> RISCV/base/inet.o
 [     CXX] src/base/inifile.cc -> RISCV/base/inifile.o
 [     CXX] src/base/logging.cc -> RISCV/base/logging.o
 [     CXX] src/base/match.cc -> RISCV/base/match.o
 [     CXX] src/base/output.cc -> RISCV/base/output.o
 [     CXX] src/base/pixel.cc -> RISCV/base/pixel.o
 [ TRACING]  -> RISCV/debug/Event.hh
 [     CXX] src/base/pollevent.cc -> RISCV/base/pollevent.o
 [     CXX] src/base/random.cc -> RISCV/base/random.o
 [ TRACING]  -> RISCV/debug/GDBAll.hh
 [ TRACING]  -> RISCV/debug/Mwait.hh
 [ENUMDECL] m5.objects.StaticInstFlags, StaticInstFlags -> RISCV/enums/StaticInstFlags.hh
 [ENUMDECL] m5.objects.System, MemoryMode -> RISCV/enums/MemoryMode.hh
 [SO Param] m5.objects.System, System -> RISCV/params/System.hh
 [SO Param] m5.objects.BaseInterrupts, BaseInterrupts -> RISCV/params/BaseInterrupts.hh
 [SO Param] m5.objects.BaseMMU, BaseMMU -> RISCV/params/BaseMMU.hh
 [ TRACING]  -> RISCV/debug/IntPin.hh
 [SO Param] m5.objects.ClockedObject, ClockedObject -> RISCV/params/ClockedObject.hh
 [SO Param] m5.objects.InstTracer, InstTracer -> RISCV/params/InstTracer.hh
 [ENUMDECL] m5.objects.FuncUnit, OpClass -> RISCV/enums/OpClass.hh
 [ TRACING]  -> RISCV/debug/InvalidReg.hh
 [ TRACING]  -> RISCV/debug/Vma.hh
 [SO Param] m5.objects.SimObject, SimObject -> RISCV/params/SimObject.hh
 [SO Param] m5.objects.RedirectPath, RedirectPath -> RISCV/params/RedirectPath.hh
 [SO Param] m5.objects.Workload, StubWorkload -> RISCV/params/StubWorkload.hh
 [SO Param] m5.objects.Workload, Workload -> RISCV/params/Workload.hh
 [SO Param] m5.objects.ClockDomain, ClockDomain -> RISCV/params/ClockDomain.hh
 [SO Param] m5.objects.ClockDomain, DerivedClockDomain -> RISCV/params/DerivedClockDomain.hh
 [SO Param] m5.objects.ClockDomain, SrcClockDomain -> RISCV/params/SrcClockDomain.hh
 [ENUMDECL] m5.objects.PowerState, PwrState -> RISCV/enums/PwrState.hh
 [SO Param] m5.objects.PowerState, PowerState -> RISCV/params/PowerState.hh
 [     CXX] src/base/socket.cc -> RISCV/base/socket.o
 [ TRACING]  -> RISCV/debug/GDBAcc.hh
 [ TRACING]  -> RISCV/debug/GDBExtra.hh
 [ TRACING]  -> RISCV/debug/GDBMisc.hh
 [ TRACING]  -> RISCV/debug/GDBRead.hh
 [ TRACING]  -> RISCV/debug/GDBRecv.hh
 [ TRACING]  -> RISCV/debug/GDBSend.hh
 [ TRACING]  -> RISCV/debug/GDBWrite.hh
 [SO Param] m5.objects.AbstractMemory, AbstractMemory -> RISCV/params/AbstractMemory.hh
 [SO Param] m5.objects.ThermalModel, ThermalModel -> RISCV/params/ThermalModel.hh
 [SO Param] m5.objects.BaseTLB, BaseTLB -> RISCV/params/BaseTLB.hh
 [SO Param] m5.objects.PowerModel, PowerModel -> RISCV/params/PowerModel.hh
 [SO Param] m5.objects.InstTracer, InstDisassembler -> RISCV/params/InstDisassembler.hh
 [SO Param] m5.objects.VoltageDomain, VoltageDomain -> RISCV/params/VoltageDomain.hh
 [ENUMDECL] m5.objects.BaseTLB, TypeTLB -> RISCV/enums/TypeTLB.hh
 [ENUMDECL] m5.objects.PowerModel, PMType -> RISCV/enums/PMType.hh
 [SO Param] m5.objects.PowerModelState, PowerModelState -> RISCV/params/PowerModelState.hh
 [SO Param] m5.objects.SubSystem, SubSystem -> RISCV/params/SubSystem.hh
 [SO Param] m5.objects.ThermalDomain, ThermalDomain -> RISCV/params/ThermalDomain.hh
 [SO Param] m5.objects.Root, Root -> RISCV/params/Root.hh
 [     CXX] src/base/remote_gdb.cc -> RISCV/base/remote_gdb.o
 [     CXX] src/base/statistics.cc -> RISCV/base/statistics.o
 [     CXX] src/base/str.cc -> RISCV/base/str.o
 [CONFIG H] USE_POSIX_CLOCK, 0 -> RISCV/config/use_posix_clock.hh
 [     CXX] src/base/time.cc -> RISCV/base/time.o
 [     CXX] src/base/version.cc -> RISCV/base/version.o
 [     CXX] src/base/temperature.cc -> RISCV/base/temperature.o
 [ TRACING]  -> RISCV/debug/FmtFlag.hh
 [ TRACING]  -> RISCV/debug/FmtStackTrace.hh
 [ TRACING]  -> RISCV/debug/FmtTicksOff.hh
 [     CXX] src/base/trace.cc -> RISCV/base/trace.o
 [     CXX] src/base/types.cc -> RISCV/base/types.o
 [ TRACING]  -> RISCV/debug/Annotate.cc
 [ TRACING]  -> RISCV/debug/Annotate.hh
 [     CXX] RISCV/debug/Annotate.cc -> .o
 [ TRACING]  -> RISCV/debug/AnnotateQ.cc
 [ TRACING]  -> RISCV/debug/AnnotateQ.hh
 [     CXX] RISCV/debug/AnnotateQ.cc -> .o
 [ TRACING]  -> RISCV/debug/AnnotateVerbose.cc
 [ TRACING]  -> RISCV/debug/AnnotateVerbose.hh
 [     CXX] RISCV/debug/AnnotateVerbose.cc -> .o
 [ TRACING]  -> RISCV/debug/GDBAcc.cc
 [     CXX] RISCV/debug/GDBAcc.cc -> .o
 [ TRACING]  -> RISCV/debug/GDBExtra.cc
 [     CXX] RISCV/debug/GDBExtra.cc -> .o
 [ TRACING]  -> RISCV/debug/GDBMisc.cc
 [     CXX] RISCV/debug/GDBMisc.cc -> .o
 [ TRACING]  -> RISCV/debug/GDBRead.cc
 [     CXX] RISCV/debug/GDBRead.cc -> .o
 [ TRACING]  -> RISCV/debug/GDBRecv.cc
 [     CXX] RISCV/debug/GDBRecv.cc -> .o
 [ TRACING]  -> RISCV/debug/GDBSend.cc
 [     CXX] RISCV/debug/GDBSend.cc -> .o
 [ TRACING]  -> RISCV/debug/GDBWrite.cc
 [     CXX] RISCV/debug/GDBWrite.cc -> .o
 [ TRACING]  -> RISCV/debug/SQL.cc
 [ TRACING]  -> RISCV/debug/SQL.hh
 [     CXX] RISCV/debug/SQL.cc -> .o
 [ TRACING]  -> RISCV/debug/Stats.cc
 [ TRACING]  -> RISCV/debug/Stats.hh
 [     CXX] RISCV/debug/Stats.cc -> .o
 [ TRACING]  -> RISCV/debug/StatEvents.cc
 [ TRACING]  -> RISCV/debug/StatEvents.hh
 [     CXX] RISCV/debug/StatEvents.cc -> .o
 [ TRACING]  -> RISCV/debug/GDBAll.cc
 [     CXX] RISCV/debug/GDBAll.cc -> .o
 [ TRACING]  -> RISCV/debug/AnnotateAll.cc
 [ TRACING]  -> RISCV/debug/AnnotateAll.hh
 [     CXX] RISCV/debug/AnnotateAll.cc -> .o
 [ TRACING]  -> RISCV/debug/FmtFlag.cc
 [     CXX] RISCV/debug/FmtFlag.cc -> .o
 [ TRACING]  -> RISCV/debug/FmtStackTrace.cc
 [     CXX] RISCV/debug/FmtStackTrace.cc -> .o
 [ TRACING]  -> RISCV/debug/FmtTicksOff.cc
 [     CXX] RISCV/debug/FmtTicksOff.cc -> .o
 [     CXX] src/base/stats/group.cc -> RISCV/base/stats/group.o
 [     CXX] src/base/stats/info.cc -> RISCV/base/stats/info.o
 [     CXX] src/base/stats/storage.cc -> RISCV/base/stats/storage.o
 [     CXX] src/base/stats/text.cc -> RISCV/base/stats/text.o
 [     CXX] src/base/stats/hdf5.cc -> RISCV/base/stats/hdf5.o
 [     CXX] RISCV/base/filters/BloomFilters.py.cc -> .o
 [SO Param] m5.objects.BloomFilters, BloomFilterBase -> RISCV/python/_m5/param_BloomFilterBase.cc
 [SO Param] m5.objects.BloomFilters, BloomFilterBase -> RISCV/params/BloomFilterBase.hh
 [     CXX] RISCV/python/_m5/param_BloomFilterBase.cc -> .o
 [SO Param] m5.objects.BloomFilters, BloomFilterBlock -> RISCV/python/_m5/param_BloomFilterBlock.cc
 [SO Param] m5.objects.BloomFilters, BloomFilterBlock -> RISCV/params/BloomFilterBlock.hh
 [     CXX] RISCV/python/_m5/param_BloomFilterBlock.cc -> .o
 [SO Param] m5.objects.BloomFilters, BloomFilterMultiBitSel -> RISCV/python/_m5/param_BloomFilterMultiBitSel.cc
 [SO Param] m5.objects.BloomFilters, BloomFilterMultiBitSel -> RISCV/params/BloomFilterMultiBitSel.hh
 [     CXX] RISCV/python/_m5/param_BloomFilterMultiBitSel.cc -> .o
 [SO Param] m5.objects.BloomFilters, BloomFilterBulk -> RISCV/python/_m5/param_BloomFilterBulk.cc
 [SO Param] m5.objects.BloomFilters, BloomFilterBulk -> RISCV/params/BloomFilterBulk.hh
 [     CXX] RISCV/python/_m5/param_BloomFilterBulk.cc -> .o
 [SO Param] m5.objects.BloomFilters, BloomFilterH3 -> RISCV/python/_m5/param_BloomFilterH3.cc
 [SO Param] m5.objects.BloomFilters, BloomFilterH3 -> RISCV/params/BloomFilterH3.hh
 [     CXX] RISCV/python/_m5/param_BloomFilterH3.cc -> .o
 [SO Param] m5.objects.BloomFilters, BloomFilterMulti -> RISCV/python/_m5/param_BloomFilterMulti.cc
 [SO Param] m5.objects.BloomFilters, BloomFilterMulti -> RISCV/params/BloomFilterMulti.hh
 [     CXX] RISCV/python/_m5/param_BloomFilterMulti.cc -> .o
 [SO Param] m5.objects.BloomFilters, BloomFilterPerfect -> RISCV/python/_m5/param_BloomFilterPerfect.cc
 [SO Param] m5.objects.BloomFilters, BloomFilterPerfect -> RISCV/params/BloomFilterPerfect.hh
 [     CXX] RISCV/python/_m5/param_BloomFilterPerfect.cc -> .o
 [     CXX] src/base/filters/block_bloom_filter.cc -> RISCV/base/filters/block_bloom_filter.o
 [     CXX] src/base/filters/bulk_bloom_filter.cc -> RISCV/base/filters/bulk_bloom_filter.o
 [     CXX] src/base/filters/h3_bloom_filter.cc -> RISCV/base/filters/h3_bloom_filter.o
 [     CXX] src/base/filters/multi_bit_sel_bloom_filter.cc -> RISCV/base/filters/multi_bit_sel_bloom_filter.o
 [     CXX] src/base/filters/multi_bloom_filter.cc -> RISCV/base/filters/multi_bloom_filter.o
 [     CXX] src/base/filters/perfect_bloom_filter.cc -> RISCV/base/filters/perfect_bloom_filter.o
 [     CXX] src/base/loader/dtb_file.cc -> RISCV/base/loader/dtb_file.o
 [ TRACING]  -> RISCV/debug/Loader.hh
 [     CXX] src/base/loader/image_file_data.cc -> RISCV/base/loader/image_file_data.o
 [     CXX] src/base/loader/elf_object.cc -> RISCV/base/loader/elf_object.o
 [     CXX] src/base/loader/memory_image.cc -> RISCV/base/loader/memory_image.o
 [     CXX] src/base/loader/object_file.cc -> RISCV/base/loader/object_file.o
 [     CXX] src/base/loader/symtab.cc -> RISCV/base/loader/symtab.o
 [     CXX] RISCV/base/vnc/Vnc.py.cc -> .o
 [SO Param] m5.objects.Vnc, VncInput -> RISCV/python/_m5/param_VncInput.cc
 [SO Param] m5.objects.Vnc, VncInput -> RISCV/params/VncInput.hh
 [     CXX] RISCV/python/_m5/param_VncInput.cc -> .o
 [SO Param] m5.objects.Vnc, VncServer -> RISCV/python/_m5/param_VncServer.cc
 [SO Param] m5.objects.Vnc, VncServer -> RISCV/params/VncServer.hh
 [     CXX] RISCV/python/_m5/param_VncServer.cc -> .o
 [ TRACING]  -> RISCV/debug/VNC.hh
 [     CXX] src/base/vnc/vncinput.cc -> RISCV/base/vnc/vncinput.o
 [     CXX] src/base/vnc/vncserver.cc -> RISCV/base/vnc/vncserver.o
 [ TRACING]  -> RISCV/debug/VNC.cc
 [     CXX] RISCV/debug/VNC.cc -> .o
 [ TRACING]  -> RISCV/debug/Activity.cc
 [ TRACING]  -> RISCV/debug/Activity.hh
 [     CXX] RISCV/debug/Activity.cc -> .o
 [ TRACING]  -> RISCV/debug/Commit.cc
 [ TRACING]  -> RISCV/debug/Commit.hh
 [     CXX] RISCV/debug/Commit.cc -> .o
 [ TRACING]  -> RISCV/debug/Context.cc
 [ TRACING]  -> RISCV/debug/Context.hh
 [     CXX] RISCV/debug/Context.cc -> .o
 [ TRACING]  -> RISCV/debug/Decode.cc
 [ TRACING]  -> RISCV/debug/Decode.hh
 [     CXX] RISCV/debug/Decode.cc -> .o
 [ TRACING]  -> RISCV/debug/DynInst.cc
 [ TRACING]  -> RISCV/debug/DynInst.hh
 [     CXX] RISCV/debug/DynInst.cc -> .o
 [ TRACING]  -> RISCV/debug/ExecEnable.cc
 [ TRACING]  -> RISCV/debug/ExecEnable.hh
 [     CXX] RISCV/debug/ExecEnable.cc -> .o
 [ TRACING]  -> RISCV/debug/ExecCPSeq.cc
 [ TRACING]  -> RISCV/debug/ExecCPSeq.hh
 [     CXX] RISCV/debug/ExecCPSeq.cc -> .o
 [ TRACING]  -> RISCV/debug/ExecEffAddr.cc
 [ TRACING]  -> RISCV/debug/ExecEffAddr.hh
 [     CXX] RISCV/debug/ExecEffAddr.cc -> .o
 [ TRACING]  -> RISCV/debug/ExecFaulting.cc
 [ TRACING]  -> RISCV/debug/ExecFaulting.hh
 [     CXX] RISCV/debug/ExecFaulting.cc -> .o
 [ TRACING]  -> RISCV/debug/ExecFetchSeq.cc
 [ TRACING]  -> RISCV/debug/ExecFetchSeq.hh
 [     CXX] RISCV/debug/ExecFetchSeq.cc -> .o
 [ TRACING]  -> RISCV/debug/ExecOpClass.cc
 [ TRACING]  -> RISCV/debug/ExecOpClass.hh
 [     CXX] RISCV/debug/ExecOpClass.cc -> .o
 [ TRACING]  -> RISCV/debug/ExecRegDelta.cc
 [ TRACING]  -> RISCV/debug/ExecRegDelta.hh
 [     CXX] RISCV/debug/ExecRegDelta.cc -> .o
 [ TRACING]  -> RISCV/debug/ExecResult.cc
 [ TRACING]  -> RISCV/debug/ExecResult.hh
 [     CXX] RISCV/debug/ExecResult.cc -> .o
 [ TRACING]  -> RISCV/debug/ExecSymbol.cc
 [ TRACING]  -> RISCV/debug/ExecSymbol.hh
 [     CXX] RISCV/debug/ExecSymbol.cc -> .o
 [ TRACING]  -> RISCV/debug/ExecThread.cc
 [ TRACING]  -> RISCV/debug/ExecThread.hh
 [     CXX] RISCV/debug/ExecThread.cc -> .o
 [ TRACING]  -> RISCV/debug/ExecMicro.cc
 [ TRACING]  -> RISCV/debug/ExecMicro.hh
 [     CXX] RISCV/debug/ExecMicro.cc -> .o
 [ TRACING]  -> RISCV/debug/ExecMacro.cc
 [ TRACING]  -> RISCV/debug/ExecMacro.hh
 [     CXX] RISCV/debug/ExecMacro.cc -> .o
 [ TRACING]  -> RISCV/debug/ExecUser.cc
 [ TRACING]  -> RISCV/debug/ExecUser.hh
 [     CXX] RISCV/debug/ExecUser.cc -> .o
 [ TRACING]  -> RISCV/debug/ExecKernel.cc
 [ TRACING]  -> RISCV/debug/ExecKernel.hh
 [     CXX] RISCV/debug/ExecKernel.cc -> .o
 [ TRACING]  -> RISCV/debug/ExecAsid.cc
 [ TRACING]  -> RISCV/debug/ExecAsid.hh
 [     CXX] RISCV/debug/ExecAsid.cc -> .o
 [ TRACING]  -> RISCV/debug/ExecFlags.cc
 [ TRACING]  -> RISCV/debug/ExecFlags.hh
 [     CXX] RISCV/debug/ExecFlags.cc -> .o
 [ TRACING]  -> RISCV/debug/Fetch.cc
 [ TRACING]  -> RISCV/debug/Fetch.hh
 [     CXX] RISCV/debug/Fetch.cc -> .o
 [ TRACING]  -> RISCV/debug/HtmCpu.cc
 [ TRACING]  -> RISCV/debug/HtmCpu.hh
 [     CXX] RISCV/debug/HtmCpu.cc -> .o
 [ TRACING]  -> RISCV/debug/InvalidReg.cc
 [     CXX] RISCV/debug/InvalidReg.cc -> .o
 [ TRACING]  -> RISCV/debug/O3PipeView.cc
 [ TRACING]  -> RISCV/debug/O3PipeView.hh
 [     CXX] RISCV/debug/O3PipeView.cc -> .o
 [ TRACING]  -> RISCV/debug/PCEvent.cc
 [ TRACING]  -> RISCV/debug/PCEvent.hh
 [     CXX] RISCV/debug/PCEvent.cc -> .o
 [ TRACING]  -> RISCV/debug/Quiesce.cc
 [ TRACING]  -> RISCV/debug/Quiesce.hh
 [     CXX] RISCV/debug/Quiesce.cc -> .o
 [ TRACING]  -> RISCV/debug/Mwait.cc
 [     CXX] RISCV/debug/Mwait.cc -> .o
 [ TRACING]  -> RISCV/debug/ExecAll.cc
 [ TRACING]  -> RISCV/debug/ExecAll.hh
 [     CXX] RISCV/debug/ExecAll.cc -> .o
 [ TRACING]  -> RISCV/debug/Exec.cc
 [ TRACING]  -> RISCV/debug/Exec.hh
 [     CXX] RISCV/debug/Exec.cc -> .o
 [ TRACING]  -> RISCV/debug/ExecNoTicks.cc
 [ TRACING]  -> RISCV/debug/ExecNoTicks.hh
 [     CXX] RISCV/debug/ExecNoTicks.cc -> .o
 [SO Param] m5.objects.FuncUnit, FUDesc -> RISCV/params/FUDesc.hh
 [SO Param] m5.objects.FuncUnit, OpDesc -> RISCV/params/OpDesc.hh
 [     CXX] src/cpu/pc_event.cc -> RISCV/cpu/pc_event.o
 [     CXX] src/cpu/func_unit.cc -> RISCV/cpu/func_unit.o
 [     CXX] RISCV/cpu/FuncUnit.py.cc -> .o
 [SO Param] m5.objects.FuncUnit, OpDesc -> RISCV/python/_m5/param_OpDesc.cc
 [     CXX] RISCV/python/_m5/param_OpDesc.cc -> .o
 [SO Param] m5.objects.FuncUnit, FUDesc -> RISCV/python/_m5/param_FUDesc.cc
 [     CXX] RISCV/python/_m5/param_FUDesc.cc -> .o
 [ENUM STR] m5.objects.FuncUnit, OpClass -> RISCV/enums/OpClass.cc
 [     CXX] RISCV/enums/OpClass.cc -> .o
 [     CXX] RISCV/cpu/StaticInstFlags.py.cc -> .o
 [ENUM STR] m5.objects.StaticInstFlags, StaticInstFlags -> RISCV/enums/StaticInstFlags.cc
 [     CXX] RISCV/enums/StaticInstFlags.cc -> .o
 [     CXX] RISCV/cpu/InstPBTrace.py.cc -> .o
 [SO Param] m5.objects.InstPBTrace, InstPBTrace -> RISCV/python/_m5/param_InstPBTrace.cc
 [SO Param] m5.objects.InstPBTrace, InstPBTrace -> RISCV/params/InstPBTrace.hh
 [     CXX] RISCV/python/_m5/param_InstPBTrace.cc -> .o
 [     CXX] src/cpu/inst_pb_trace.cc -> RISCV/cpu/inst_pb_trace.o
 [     CXX] RISCV/cpu/BaseCPU.py.cc -> .o
 [SO Param] m5.objects.BaseCPU, BaseCPU -> RISCV/python/_m5/param_BaseCPU.cc
 [SO Param] m5.objects.BaseCPU, BaseCPU -> RISCV/params/BaseCPU.hh
 [SO Param] m5.objects.InstDecoder, InstDecoder -> RISCV/params/InstDecoder.hh
 [     CXX] RISCV/cpu/CpuCluster.py.cc -> .o
 [SO Param] m5.objects.BaseISA, BaseISA -> RISCV/params/BaseISA.hh
 [SO Param] m5.objects.Process, Process -> RISCV/params/Process.hh
 [SO Param] m5.objects.Process, EmulatedDriver -> RISCV/params/EmulatedDriver.hh
 [     CXX] RISCV/python/_m5/param_BaseCPU.cc -> .o
 [SO Param] m5.objects.CpuCluster, CpuCluster -> RISCV/python/_m5/param_CpuCluster.cc
 [SO Param] m5.objects.CpuCluster, CpuCluster -> RISCV/params/CpuCluster.hh
 [     CXX] RISCV/python/_m5/param_CpuCluster.cc -> .o
 [     CXX] RISCV/cpu/CPUTracers.py.cc -> .o
 [SO Param] m5.objects.CPUTracers, ExeTracer -> RISCV/python/_m5/param_ExeTracer.cc
 [SO Param] m5.objects.CPUTracers, ExeTracer -> RISCV/params/ExeTracer.hh
 [     CXX] RISCV/python/_m5/param_ExeTracer.cc -> .o
 [SO Param] m5.objects.CPUTracers, IntelTrace -> RISCV/python/_m5/param_IntelTrace.cc
 [SO Param] m5.objects.CPUTracers, IntelTrace -> RISCV/params/IntelTrace.hh
 [     CXX] RISCV/python/_m5/param_IntelTrace.cc -> .o
 [SO Param] m5.objects.CPUTracers, NativeTrace -> RISCV/python/_m5/param_NativeTrace.cc
 [SO Param] m5.objects.CPUTracers, NativeTrace -> RISCV/params/NativeTrace.hh
 [     CXX] RISCV/python/_m5/param_NativeTrace.cc -> .o
 [     CXX] RISCV/cpu/TimingExpr.py.cc -> .o
 [SO Param] m5.objects.TimingExpr, TimingExpr -> RISCV/python/_m5/param_TimingExpr.cc
 [SO Param] m5.objects.TimingExpr, TimingExpr -> RISCV/params/TimingExpr.hh
 [ENUMDECL] m5.objects.TimingExpr, TimingExprOp -> RISCV/enums/TimingExprOp.hh
 [SO Param] m5.objects.TimingExpr, TimingExprBin -> RISCV/params/TimingExprBin.hh
 [SO Param] m5.objects.TimingExpr, TimingExprIf -> RISCV/params/TimingExprIf.hh
 [SO Param] m5.objects.TimingExpr, TimingExprLet -> RISCV/params/TimingExprLet.hh
 [SO Param] m5.objects.TimingExpr, TimingExprLiteral -> RISCV/params/TimingExprLiteral.hh
 [SO Param] m5.objects.TimingExpr, TimingExprRef -> RISCV/params/TimingExprRef.hh
 [SO Param] m5.objects.TimingExpr, TimingExprSrcReg -> RISCV/params/TimingExprSrcReg.hh
 [SO Param] m5.objects.TimingExpr, TimingExprUn -> RISCV/params/TimingExprUn.hh
 [SO Param] m5.objects.TimingExpr, TimingExprLiteral -> RISCV/python/_m5/param_TimingExprLiteral.cc
 [     CXX] RISCV/python/_m5/param_TimingExpr.cc -> .o
 [     CXX] RISCV/python/_m5/param_TimingExprLiteral.cc -> .o
 [SO Param] m5.objects.TimingExpr, TimingExprSrcReg -> RISCV/python/_m5/param_TimingExprSrcReg.cc
 [     CXX] RISCV/python/_m5/param_TimingExprSrcReg.cc -> .o
 [SO Param] m5.objects.TimingExpr, TimingExprLet -> RISCV/python/_m5/param_TimingExprLet.cc
 [     CXX] RISCV/python/_m5/param_TimingExprLet.cc -> .o
 [SO Param] m5.objects.TimingExpr, TimingExprRef -> RISCV/python/_m5/param_TimingExprRef.cc
 [     CXX] RISCV/python/_m5/param_TimingExprRef.cc -> .o
 [SO Param] m5.objects.TimingExpr, TimingExprUn -> RISCV/python/_m5/param_TimingExprUn.cc
 [     CXX] RISCV/python/_m5/param_TimingExprUn.cc -> .o
 [SO Param] m5.objects.TimingExpr, TimingExprBin -> RISCV/python/_m5/param_TimingExprBin.cc
 [     CXX] RISCV/python/_m5/param_TimingExprBin.cc -> .o
 [SO Param] m5.objects.TimingExpr, TimingExprIf -> RISCV/python/_m5/param_TimingExprIf.cc
 [     CXX] RISCV/python/_m5/param_TimingExprIf.cc -> .o
 [ENUM STR] m5.objects.TimingExpr, TimingExprOp -> RISCV/enums/TimingExprOp.cc
 [     CXX] RISCV/enums/TimingExprOp.cc -> .o
 [     CXX] src/cpu/activity.cc -> RISCV/cpu/activity.o
 [ TRACING]  -> RISCV/debug/SyscallVerbose.hh
 [ TRACING]  -> RISCV/debug/Thread.hh
 [ TRACING]  -> RISCV/debug/Checker.hh
 [SO Param] m5.objects.CheckerCPU, CheckerCPU -> RISCV/params/CheckerCPU.hh
 [ TRACING]  -> RISCV/debug/CCRegs.hh
 [ TRACING]  -> RISCV/debug/FloatRegs.hh
 [ TRACING]  -> RISCV/debug/IntRegs.hh
 [ TRACING]  -> RISCV/debug/MatRegs.hh
 [ TRACING]  -> RISCV/debug/VecPredRegs.hh
 [ TRACING]  -> RISCV/debug/VecRegs.hh
 [     CXX] src/cpu/base.cc -> RISCV/cpu/base.o
 [     CXX] src/cpu/exetrace.cc -> RISCV/cpu/exetrace.o
 [     CXX] src/cpu/inteltrace.cc -> RISCV/cpu/inteltrace.o
 [     CXX] src/cpu/nativetrace.cc -> RISCV/cpu/nativetrace.o
 [     CXX] src/cpu/nop_static_inst.cc -> RISCV/cpu/nop_static_inst.o
 [     CXX] src/cpu/null_static_inst.cc -> RISCV/cpu/null_static_inst.o
 [ TRACING]  -> RISCV/debug/Stack.hh
 [     CXX] src/cpu/profile.cc -> RISCV/cpu/profile.o
 [     CXX] src/cpu/reg_class.cc -> RISCV/cpu/reg_class.o
 [     CXX] src/cpu/static_inst.cc -> RISCV/cpu/static_inst.o
 [     CXX] src/cpu/simple_thread.cc -> RISCV/cpu/simple_thread.o
 [     CXX] src/cpu/thread_context.cc -> RISCV/cpu/thread_context.o
 [     CXX] src/cpu/thread_state.cc -> RISCV/cpu/thread_state.o
 [     CXX] src/cpu/timing_expr.cc -> RISCV/cpu/timing_expr.o
 [     CXX] RISCV/cpu/DummyChecker.py.cc -> .o
 [SO Param] m5.objects.DummyChecker, DummyChecker -> RISCV/python/_m5/param_DummyChecker.cc
 [SO Param] m5.objects.DummyChecker, DummyChecker -> RISCV/params/DummyChecker.hh
 [     CXX] RISCV/python/_m5/param_DummyChecker.cc -> .o
 [ TRACING]  -> RISCV/debug/Checker.cc
 [     CXX] RISCV/debug/Checker.cc -> .o
 [     CXX] RISCV/cpu/o3/FUPool.py.cc -> .o
 [SO Param] m5.objects.FUPool, FUPool -> RISCV/python/_m5/param_FUPool.cc
 [SO Param] m5.objects.FUPool, FUPool -> RISCV/params/FUPool.hh
 [     CXX] RISCV/cpu/o3/FuncUnitConfig.py.cc -> .o
 [     CXX] RISCV/python/_m5/param_FUPool.cc -> .o
 [     CXX] RISCV/cpu/o3/BaseO3CPU.py.cc -> .o
 [SO Param] m5.objects.BaseO3CPU, BaseO3CPU -> RISCV/python/_m5/param_BaseO3CPU.cc
 [ENUMDECL] m5.objects.SMT, CommitPolicy -> RISCV/enums/CommitPolicy.hh
 [ENUMDECL] m5.objects.SMT, SMTFetchPolicy -> RISCV/enums/SMTFetchPolicy.hh
 [ENUMDECL] m5.objects.SMT, SMTQueuePolicy -> RISCV/enums/SMTQueuePolicy.hh
 [SO Param] m5.objects.BaseO3CPU, BaseO3CPU -> RISCV/params/BaseO3CPU.hh
 [ENUMDECL] m5.objects.BranchPredictor, TargetProvider -> RISCV/enums/TargetProvider.hh
 [SO Param] m5.objects.BranchPredictor, BranchPredictor -> RISCV/params/BranchPredictor.hh
 [SO Param] m5.objects.ReplacementPolicies, BaseReplacementPolicy -> RISCV/params/BaseReplacementPolicy.hh
 [SO Param] m5.objects.IndexingPolicies, BaseIndexingPolicy -> RISCV/params/BaseIndexingPolicy.hh
 [ TRACING]  -> RISCV/debug/LSQUnit.hh
 [ TRACING]  -> RISCV/debug/MemDepUnit.hh
 [ENUMDECL] m5.objects.BranchPredictor, BranchType -> RISCV/enums/BranchType.hh
 [SO Param] m5.objects.BranchPredictor, BranchTargetBuffer -> RISCV/params/BranchTargetBuffer.hh
 [SO Param] m5.objects.BranchPredictor, ConditionalPredictor -> RISCV/params/ConditionalPredictor.hh
 [SO Param] m5.objects.BranchPredictor, IndirectPredictor -> RISCV/params/IndirectPredictor.hh
 [SO Param] m5.objects.BranchPredictor, ReturnAddrStack -> RISCV/params/ReturnAddrStack.hh
 [ TRACING]  -> RISCV/debug/FreeList.hh
 [ TRACING]  -> RISCV/debug/IEW.hh
 [ TRACING]  -> RISCV/debug/Scoreboard.hh
 [     CXX] RISCV/cpu/o3/IQUnit.py.cc -> .o
 [SO Param] m5.objects.IQUnit, IQUnit -> RISCV/params/IQUnit.hh
 [     CXX] RISCV/python/_m5/param_BaseO3CPU.cc -> .o
 [SO Param] m5.objects.IQUnit, IQUnit -> RISCV/python/_m5/param_IQUnit.cc
 [     CXX] RISCV/python/_m5/param_IQUnit.cc -> .o
 [     CXX] RISCV/cpu/o3/SMT.py.cc -> .o
 [ENUM STR] m5.objects.SMT, SMTFetchPolicy -> RISCV/enums/SMTFetchPolicy.cc
 [     CXX] RISCV/enums/SMTFetchPolicy.cc -> .o
 [ENUM STR] m5.objects.SMT, SMTQueuePolicy -> RISCV/enums/SMTQueuePolicy.cc
 [     CXX] RISCV/enums/SMTQueuePolicy.cc -> .o
 [ENUM STR] m5.objects.SMT, CommitPolicy -> RISCV/enums/CommitPolicy.cc
 [     CXX] RISCV/enums/CommitPolicy.cc -> .o
 [ TRACING]  -> RISCV/debug/BAC.hh
 [ TRACING]  -> RISCV/debug/Branch.hh
 [ TRACING]  -> RISCV/debug/Drain.hh
 [ TRACING]  -> RISCV/debug/FTQ.hh
 [     CXX] src/cpu/o3/bac.cc -> RISCV/cpu/o3/bac.o
 [ TRACING]  -> RISCV/debug/CommitRate.hh
 [     CXX] src/cpu/o3/commit.cc -> RISCV/cpu/o3/commit.o
 [ TRACING]  -> RISCV/debug/O3CPU.hh
 [     CXX] src/cpu/o3/cpu.cc -> RISCV/cpu/o3/cpu.o
 [     CXX] src/cpu/o3/decode.cc -> RISCV/cpu/o3/decode.o
 [ TRACING]  -> RISCV/debug/IQ.hh
 [     CXX] src/cpu/o3/dyn_inst.cc -> RISCV/cpu/o3/dyn_inst.o
 [     CXX] src/cpu/o3/fetch.cc -> RISCV/cpu/o3/fetch.o
 [     CXX] src/cpu/o3/free_list.cc -> RISCV/cpu/o3/free_list.o
 [     CXX] src/cpu/o3/ftq.cc -> RISCV/cpu/o3/ftq.o
 [     CXX] src/cpu/o3/fu_pool.cc -> RISCV/cpu/o3/fu_pool.o
 [     CXX] src/cpu/o3/iew.cc -> RISCV/cpu/o3/iew.o
 [     CXX] src/cpu/o3/inst_queue.cc -> RISCV/cpu/o3/inst_queue.o
 [ TRACING]  -> RISCV/debug/LSQ.hh
 [ TRACING]  -> RISCV/debug/Writeback.hh
 [     CXX] src/cpu/o3/lsq.cc -> RISCV/cpu/o3/lsq.o
 [     CXX] src/cpu/o3/lsq_unit.cc -> RISCV/cpu/o3/lsq_unit.o
 [     CXX] src/cpu/o3/mem_dep_unit.cc -> RISCV/cpu/o3/mem_dep_unit.o
 [     CXX] src/cpu/o3/regfile.cc -> RISCV/cpu/o3/regfile.o
 [ TRACING]  -> RISCV/debug/Rename.hh
 [     CXX] src/cpu/o3/rename.cc -> RISCV/cpu/o3/rename.o
 [     CXX] src/cpu/o3/rename_map.cc -> RISCV/cpu/o3/rename_map.o
 [ TRACING]  -> RISCV/debug/ROB.hh
 [     CXX] src/cpu/o3/rob.cc -> RISCV/cpu/o3/rob.o
 [     CXX] src/cpu/o3/scoreboard.cc -> RISCV/cpu/o3/scoreboard.o
 [ TRACING]  -> RISCV/debug/StoreSet.hh
 [     CXX] src/cpu/o3/store_set.cc -> RISCV/cpu/o3/store_set.o
 [     CXX] src/cpu/o3/thread_context.cc -> RISCV/cpu/o3/thread_context.o
 [     CXX] src/cpu/o3/thread_state.cc -> RISCV/cpu/o3/thread_state.o
 [ TRACING]  -> RISCV/debug/BAC.cc
 [     CXX] RISCV/debug/BAC.cc -> .o
 [ TRACING]  -> RISCV/debug/CommitRate.cc
 [     CXX] RISCV/debug/CommitRate.cc -> .o
 [ TRACING]  -> RISCV/debug/FTQ.cc
 [     CXX] RISCV/debug/FTQ.cc -> .o
 [ TRACING]  -> RISCV/debug/IEW.cc
 [     CXX] RISCV/debug/IEW.cc -> .o
 [ TRACING]  -> RISCV/debug/IQ.cc
 [     CXX] RISCV/debug/IQ.cc -> .o
 [ TRACING]  -> RISCV/debug/LSQ.cc
 [     CXX] RISCV/debug/LSQ.cc -> .o
 [ TRACING]  -> RISCV/debug/LSQUnit.cc
 [     CXX] RISCV/debug/LSQUnit.cc -> .o
 [ TRACING]  -> RISCV/debug/MemDepUnit.cc
 [     CXX] RISCV/debug/MemDepUnit.cc -> .o
 [ TRACING]  -> RISCV/debug/O3CPU.cc
 [     CXX] RISCV/debug/O3CPU.cc -> .o
 [ TRACING]  -> RISCV/debug/ROB.cc
 [     CXX] RISCV/debug/ROB.cc -> .o
 [ TRACING]  -> RISCV/debug/Rename.cc
 [     CXX] RISCV/debug/Rename.cc -> .o
 [ TRACING]  -> RISCV/debug/Scoreboard.cc
 [     CXX] RISCV/debug/Scoreboard.cc -> .o
 [ TRACING]  -> RISCV/debug/StoreSet.cc
 [     CXX] RISCV/debug/StoreSet.cc -> .o
 [ TRACING]  -> RISCV/debug/Writeback.cc
 [     CXX] RISCV/debug/Writeback.cc -> .o
 [ TRACING]  -> RISCV/debug/O3CPUAll.cc
 [ TRACING]  -> RISCV/debug/O3CPUAll.hh
 [     CXX] RISCV/debug/O3CPUAll.cc -> .o
 [     CXX] RISCV/cpu/o3/BaseO3Checker.py.cc -> .o
 [SO Param] m5.objects.BaseO3Checker, BaseO3Checker -> RISCV/python/_m5/param_BaseO3Checker.cc
 [SO Param] m5.objects.BaseO3Checker, BaseO3Checker -> RISCV/params/BaseO3Checker.hh
 [     CXX] RISCV/python/_m5/param_BaseO3Checker.cc -> .o
 [     CXX] src/cpu/o3/checker.cc -> RISCV/cpu/o3/checker.o
 [     CXX] RISCV/cpu/o3/O3CPU.py.cc -> .o
 [     CXX] RISCV/cpu/o3/O3Checker.py.cc -> .o
 [     CXX] RISCV/cpu/o3/probe/SimpleTrace.py.cc -> .o
 [SO Param] m5.objects.SimpleTrace, SimpleTrace -> RISCV/python/_m5/param_SimpleTrace.cc
 [SO Param] m5.objects.SimpleTrace, SimpleTrace -> RISCV/params/SimpleTrace.hh
 [SO Param] m5.objects.Probe, ProbeListenerObject -> RISCV/params/ProbeListenerObject.hh
 [     CXX] RISCV/python/_m5/param_SimpleTrace.cc -> .o
 [ TRACING]  -> RISCV/debug/SimpleTrace.hh
 [     CXX] src/cpu/o3/probe/simple_trace.cc -> RISCV/cpu/o3/probe/simple_trace.o
 [ TRACING]  -> RISCV/debug/SimpleTrace.cc
 [     CXX] RISCV/debug/SimpleTrace.cc -> .o
 [     CXX] RISCV/cpu/o3/probe/ElasticTrace.py.cc -> .o
 [SO Param] m5.objects.ElasticTrace, ElasticTrace -> RISCV/python/_m5/param_ElasticTrace.cc
 [SO Param] m5.objects.ElasticTrace, ElasticTrace -> RISCV/params/ElasticTrace.hh
 [     CXX] RISCV/python/_m5/param_ElasticTrace.cc -> .o
 [ TRACING]  -> RISCV/debug/ElasticTrace.hh
 [     CXX] src/cpu/o3/probe/elastic_trace.cc -> RISCV/cpu/o3/probe/elastic_trace.o
 [ TRACING]  -> RISCV/debug/ElasticTrace.cc
 [     CXX] RISCV/debug/ElasticTrace.cc -> .o
 [     CXX] RISCV/cpu/testers/rubytest/RubyTester.py.cc -> .o
 [SO Param] m5.objects.RubyTester, RubyTester -> RISCV/python/_m5/param_RubyTester.cc
 [SO Param] m5.objects.RubyTester, RubyTester -> RISCV/params/RubyTester.hh
 [     CXX] RISCV/python/_m5/param_RubyTester.cc -> .o
 [ TRACING]  -> RISCV/debug/RubyTest.hh
 [     CXX] src/cpu/testers/rubytest/RubyTester.cc -> RISCV/cpu/testers/rubytest/RubyTester.o
 [     CXX] src/cpu/testers/rubytest/Check.cc -> RISCV/cpu/testers/rubytest/Check.o
 [     CXX] src/cpu/testers/rubytest/CheckTable.cc -> RISCV/cpu/testers/rubytest/CheckTable.o
 [ TRACING]  -> RISCV/debug/RubyTest.cc
 [     CXX] RISCV/debug/RubyTest.cc -> .o
 [     CXX] RISCV/cpu/testers/spatter_gen/SpatterGen.py.cc -> .o
 [SO Param] m5.objects.SpatterGen, SpatterGen -> RISCV/python/_m5/param_SpatterGen.cc
 [ENUMDECL] m5.objects.SpatterGen, SpatterProcessingMode -> RISCV/enums/SpatterProcessingMode.hh
 [SO Param] m5.objects.SpatterGen, SpatterGen -> RISCV/params/SpatterGen.hh
 [ENUMDECL] m5.objects.SpatterGen, SpatterKernelType -> RISCV/enums/SpatterKernelType.hh
 [     CXX] RISCV/python/_m5/param_SpatterGen.cc -> .o
 [ENUM STR] m5.objects.SpatterGen, SpatterKernelType -> RISCV/enums/SpatterKernelType.cc
 [     CXX] RISCV/enums/SpatterKernelType.cc -> .o
 [ENUM STR] m5.objects.SpatterGen, SpatterProcessingMode -> RISCV/enums/SpatterProcessingMode.cc
 [     CXX] RISCV/enums/SpatterProcessingMode.cc -> .o
 [ TRACING]  -> RISCV/debug/SpatterGen.hh
 [ TRACING]  -> RISCV/debug/SpatterKernel.hh
 [     CXX] src/cpu/testers/spatter_gen/spatter_gen.cc -> RISCV/cpu/testers/spatter_gen/spatter_gen.o
 [ TRACING]  -> RISCV/debug/SpatterGen.cc
 [     CXX] RISCV/debug/SpatterGen.cc -> .o
 [ TRACING]  -> RISCV/debug/SpatterKernel.cc
 [     CXX] RISCV/debug/SpatterKernel.cc -> .o
 [CONFIG H] HAVE_PROTOBUF, 1 -> RISCV/config/have_protobuf.hh
 [ TRACING]  -> RISCV/debug/Checkpoint.hh
 [ TRACING]  -> RISCV/debug/TrafficGen.hh
 [ENUMDECL] m5.objects.MemInterface, AddrMap -> RISCV/enums/AddrMap.hh
 [SO Param] m5.objects.BaseTrafficGen, BaseTrafficGen -> RISCV/params/BaseTrafficGen.hh
 [ENUMDECL] m5.objects.BaseTrafficGen, StreamGenType -> RISCV/enums/StreamGenType.hh
 [     CXX] src/cpu/testers/traffic_gen/base.cc -> RISCV/cpu/testers/traffic_gen/base.o
 [     CXX] src/cpu/testers/traffic_gen/base_gen.cc -> RISCV/cpu/testers/traffic_gen/base_gen.o
 [     CXX] src/cpu/testers/traffic_gen/dram_gen.cc -> RISCV/cpu/testers/traffic_gen/dram_gen.o
 [     CXX] src/cpu/testers/traffic_gen/dram_rot_gen.cc -> RISCV/cpu/testers/traffic_gen/dram_rot_gen.o
 [     CXX] src/cpu/testers/traffic_gen/exit_gen.cc -> RISCV/cpu/testers/traffic_gen/exit_gen.o
 [ TRACING]  -> RISCV/debug/GUPSGen.hh
 [SO Param] m5.objects.GUPSGen, GUPSGen -> RISCV/params/GUPSGen.hh
 [     CXX] src/cpu/testers/traffic_gen/gups_gen.cc -> RISCV/cpu/testers/traffic_gen/gups_gen.o
 [     CXX] src/cpu/testers/traffic_gen/hybrid_gen.cc -> RISCV/cpu/testers/traffic_gen/hybrid_gen.o
 [     CXX] src/cpu/testers/traffic_gen/idle_gen.cc -> RISCV/cpu/testers/traffic_gen/idle_gen.o
 [     CXX] src/cpu/testers/traffic_gen/linear_gen.cc -> RISCV/cpu/testers/traffic_gen/linear_gen.o
 [     CXX] src/cpu/testers/traffic_gen/nvm_gen.cc -> RISCV/cpu/testers/traffic_gen/nvm_gen.o
 [     CXX] src/cpu/testers/traffic_gen/random_gen.cc -> RISCV/cpu/testers/traffic_gen/random_gen.o
 [     CXX] src/cpu/testers/traffic_gen/stream_gen.cc -> RISCV/cpu/testers/traffic_gen/stream_gen.o
 [     CXX] src/cpu/testers/traffic_gen/strided_gen.cc -> RISCV/cpu/testers/traffic_gen/strided_gen.o
 [ TRACING]  -> RISCV/debug/TrafficGen.cc
 [     CXX] RISCV/debug/TrafficGen.cc -> .o
 [     CXX] RISCV/cpu/testers/traffic_gen/BaseTrafficGen.py.cc -> .o
 [SO Param] m5.objects.BaseTrafficGen, BaseTrafficGen -> RISCV/python/_m5/param_BaseTrafficGen.cc
 [     CXX] RISCV/python/_m5/param_BaseTrafficGen.cc -> .o
 [ENUM STR] m5.objects.BaseTrafficGen, StreamGenType -> RISCV/enums/StreamGenType.cc
 [     CXX] RISCV/enums/StreamGenType.cc -> .o
 [ TRACING]  -> RISCV/debug/GUPSGen.cc
 [     CXX] RISCV/debug/GUPSGen.cc -> .o
 [     CXX] RISCV/cpu/testers/traffic_gen/GUPSGen.py.cc -> .o
 [SO Param] m5.objects.GUPSGen, GUPSGen -> RISCV/python/_m5/param_GUPSGen.cc
 [     CXX] RISCV/python/_m5/param_GUPSGen.cc -> .o
 [SO Param] m5.objects.PyTrafficGen, PyTrafficGen -> RISCV/params/PyTrafficGen.hh
 [     CXX] src/cpu/testers/traffic_gen/pygen.cc -> RISCV/cpu/testers/traffic_gen/pygen.o
 [     CXX] RISCV/cpu/testers/traffic_gen/PyTrafficGen.py.cc -> .o
 [SO Param] m5.objects.PyTrafficGen, PyTrafficGen -> RISCV/python/_m5/param_PyTrafficGen.cc
 [     CXX] RISCV/python/_m5/param_PyTrafficGen.cc -> .o
 [     CXX] RISCV/cpu/testers/traffic_gen/TrafficGen.py.cc -> .o
